,account,tran_stocks_all,tran_stocks_ipo,ipo_rate
0,65008008,31,8,0.25806451612903225
10,61882008,103,103,1.0
15,63066908,44,44,1.0
16,65007528,8,0,0.0
17,61823268,45,45,1.0
18,61824708,33,31,0.9393939393939394
19,61891458,14,14,1.0
20,61825118,36,34,0.9444444444444444
21,61855498,74,55,0.7432432432432432
22,61826758,42,40,0.9523809523809523
23,61855788,55,43,0.7818181818181819
24,61825128,37,35,0.9459459459459459
25,61826728,36,34,0.9444444444444444
26,66069638,7,7,1.0
27,67068658,3,3,1.0
28,66077868,12,12,1.0
29,60826968,22,22,1.0
30,67058908,3,3,1.0
31,61840128,77,62,0.8051948051948052
32,61826278,19,12,0.631578947368421
33,67021988,8,8,1.0
34,67011208,9,9,1.0
35,62837298,24,24,1.0
36,60817328,110,58,0.5272727272727272
37,67017768,4,4,1.0
38,66087988,0,0,
39,61868978,36,36,1.0
40,67020838,5,5,1.0
41,61803268,31,31,1.0
42,61816666,31,28,0.9032258064516129
43,60008008,30,27,0.9
44,67020618,6,6,1.0
45,66021668,24,24,1.0
46,61849188,29,28,0.9655172413793104
47,66092178,15,15,1.0
48,63075578,11,10,0.9090909090909091
49,65075608,27,26,0.9629629629629629
50,65007608,29,29,1.0
51,61883388,17,11,0.6470588235294118
52,67006958,7,7,1.0
53,61831418,62,62,1.0
54,61826408,118,112,0.9491525423728814
55,67071988,0,0,
56,60815668,47,47,1.0
57,67028108,7,7,1.0
58,67080278,0,0,
59,69884808,50,46,0.92
60,67066678,3,3,1.0
61,69828888,56,54,0.9642857142857143
62,61896018,0,0,
63,63085838,26,25,0.9615384615384616
64,61874478,0,0,
65,63088208,14,14,1.0
66,67052078,3,3,1.0
67,61841688,2,2,1.0
68,61848718,34,29,0.8529411764705882
69,66075888,24,24,1.0
70,67029518,11,8,0.7272727272727273
71,67020088,6,6,1.0
72,63092918,31,31,1.0
73,61825698,22,22,1.0
74,66025218,9,9,1.0
75,61804618,27,27,1.0
76,61804298,72,64,0.8888888888888888
77,67018818,8,8,1.0
78,65020008,29,24,0.8275862068965517
79,66052788,11,10,0.9090909090909091
80,63029718,56,54,0.9642857142857143
81,61850678,21,18,0.8571428571428571
82,66087218,20,20,1.0
83,68006658,1,0,0.0
84,66096228,17,15,0.8823529411764706
85,67809328,33,33,1.0
86,63091788,19,19,1.0
87,67006188,14,14,1.0
88,63088538,50,50,1.0
89,61896678,41,41,1.0
90,67057818,3,3,1.0
91,62082038,29,27,0.9310344827586207
93,61879258,79,78,0.9873417721518988
94,61849968,46,46,1.0
95,67055978,2,2,1.0
96,63022988,16,16,1.0
97,67020518,12,11,0.9166666666666666
98,63022118,14,14,1.0
99,61888978,57,51,0.8947368421052632
100,67051108,8,7,0.875
101,65000758,4,4,1.0
102,66069168,7,7,1.0
103,66018018,34,32,0.9411764705882353
104,63077038,62,53,0.8548387096774194
105,66022968,2,2,1.0
106,61840008,89,86,0.9662921348314607
107,68002238,0,0,
108,67026098,2,2,1.0
109,61803078,22,22,1.0
110,61873168,51,51,1.0
111,67020678,13,13,1.0
112,63072108,60,58,0.9666666666666667
113,61879278,49,49,1.0
114,66078038,20,17,0.85
115,63066258,7,5,0.7142857142857143
116,66091058,34,20,0.5882352941176471
117,67018728,1,0,0.0
118,63067598,40,40,1.0
119,61824658,10,10,1.0
120,63020578,29,29,1.0
121,67028718,0,0,
122,60010658,7,7,1.0
123,61802958,94,92,0.9787234042553191
124,65018288,9,9,1.0
125,61829358,56,55,0.9821428571428571
126,61891768,40,40,1.0
127,61805558,111,108,0.972972972972973
128,61829328,60,59,0.9833333333333333
129,61881908,28,28,1.0
130,61847088,39,39,1.0
131,61881808,34,34,1.0
132,60002588,65,54,0.8307692307692308
133,61858678,35,31,0.8857142857142857
134,69828788,11,11,1.0
135,69828828,17,17,1.0
136,69828558,15,15,1.0
137,69828818,14,14,1.0
138,61807178,15,15,1.0
139,69828728,20,20,1.0
140,66099698,6,6,1.0
141,90788881,25,0,0.0
142,67005588,1,0,0.0
143,61865988,16,16,1.0
144,69841598,40,3,0.075
145,67055968,1,1,1.0
146,65021858,26,19,0.7307692307692307
147,66061978,14,13,0.9285714285714286
148,66055038,16,0,0.0
149,61804528,71,64,0.9014084507042254
150,67066228,1,1,1.0
151,66070678,14,13,0.9285714285714286
152,60818128,65,65,1.0
153,67080928,0,0,
154,67065028,1,1,1.0
155,66080588,3,3,1.0
156,65025158,21,20,0.9523809523809523
157,66021688,21,20,0.9523809523809523
158,60817018,13,12,0.9230769230769231
159,62890808,16,16,1.0
160,61802778,81,73,0.9012345679012346
161,66080708,11,11,1.0
162,62846668,7,7,1.0
163,61824028,14,13,0.9285714285714286
164,60802098,29,27,0.9310344827586207
165,66069698,7,7,1.0
166,61803378,54,50,0.9259259259259259
167,61847778,91,89,0.978021978021978
168,60812388,25,23,0.92
169,67020798,8,7,0.875
170,67061228,2,2,1.0
171,69843578,38,38,1.0
172,61877028,43,42,0.9767441860465116
173,67077168,1,1,1.0
174,66076818,16,16,1.0
175,65018218,38,36,0.9473684210526315
176,66028918,15,8,0.5333333333333333
177,61881008,80,80,1.0
178,60811618,24,22,0.9166666666666666
179,61825688,86,68,0.7906976744186046
180,66029928,35,35,1.0
181,67022658,10,9,0.9
182,69809658,49,25,0.5102040816326531
183,66066128,27,27,1.0
184,90788888,452,0,0.0
185,65027678,31,31,1.0
186,61884608,45,45,1.0
187,60826628,42,42,1.0
188,63000188,76,49,0.6447368421052632
189,66081998,20,20,1.0
190,67010508,16,15,0.9375
191,61854898,78,78,1.0
192,61806358,152,120,0.7894736842105263
193,67057108,0,0,
194,66071128,50,32,0.64
195,65027798,45,44,0.9777777777777777
196,69822618,18,18,1.0
197,61804158,64,58,0.90625
198,61843268,37,37,1.0
199,63009538,18,6,0.3333333333333333
225,68840078,36,36,1.0
227,62095088,31,31,1.0
229,67096068,0,0,
242,63080968,19,9,0.47368421052631576
245,65019538,8,8,1.0
253,66096788,4,2,0.5
254,69843758,14,13,0.9285714285714286
281,63092008,12,12,1.0
283,66098538,20,20,1.0
284,66098278,14,14,1.0
287,63025198,39,35,0.8974358974358975
288,66080688,29,7,0.2413793103448276
304,63018798,53,6,0.11320754716981132
317,61871478,23,20,0.8695652173913043
319,60089968,40,35,0.875
324,61822298,64,64,1.0
326,67006898,7,7,1.0
327,66098088,21,0,0.0
328,62021168,46,46,1.0
329,67011058,5,5,1.0
330,60018138,25,25,1.0
331,67001088,17,17,1.0
332,67021758,4,4,1.0
333,61860498,52,51,0.9807692307692307
334,66097058,18,18,1.0
335,67844488,37,37,1.0
336,61848988,33,33,1.0
337,67008538,4,4,1.0
338,66055988,18,17,0.9444444444444444
339,66061508,15,15,1.0
340,61802828,79,74,0.9367088607594937
341,69813468,64,51,0.796875
342,61853978,40,40,1.0
343,66087908,11,11,1.0
344,66077298,12,12,1.0
345,65059508,47,38,0.8085106382978723
346,66061238,13,13,1.0
347,61887958,80,80,1.0
349,66061568,22,19,0.8636363636363636
350,66071528,20,20,1.0
351,69828478,28,27,0.9642857142857143
352,67022868,10,9,0.9
353,61892418,55,5,0.09090909090909091
354,67025158,2,2,1.0
355,61870498,75,54,0.72
356,66097668,5,5,1.0
357,69889258,18,16,0.8888888888888888
358,63068918,218,5,0.022935779816513763
359,69889908,29,29,1.0
360,63069258,28,20,0.7142857142857143
361,67072128,2,1,0.5
362,66097908,13,13,1.0
363,67017008,7,7,1.0
364,60815158,47,47,1.0
365,61848478,58,57,0.9827586206896551
366,62089968,12,12,1.0
367,61833578,77,74,0.961038961038961
368,67076688,2,2,1.0
369,66026808,4,4,1.0
370,61803588,11,11,1.0
371,65088918,26,22,0.8461538461538461
372,67012008,4,4,1.0
373,65018998,35,35,1.0
374,60829258,83,65,0.7831325301204819
376,63068228,40,40,1.0
377,67015528,17,17,1.0
378,62887428,55,55,1.0
379,66097188,15,15,1.0
380,61888788,32,18,0.5625
381,63000158,38,38,1.0
382,67001078,4,3,0.75
383,68841408,30,28,0.9333333333333333
384,67068518,1,1,1.0
385,63012908,17,17,1.0
386,60821468,13,11,0.8461538461538461
387,67007008,7,6,0.8571428571428571
388,60809918,14,14,1.0
389,67069768,2,2,1.0
390,61824318,45,45,1.0
391,65018668,51,49,0.9607843137254902
392,67021858,13,13,1.0
393,66082558,13,13,1.0
394,66092518,12,12,1.0
395,63086778,29,28,0.9655172413793104
396,65022668,21,21,1.0
397,66029088,20,19,0.95
398,66085198,7,7,1.0
399,67822388,102,58,0.5686274509803921
400,67017868,10,4,0.4
401,67025118,11,8,0.7272727272727273
402,67010198,6,6,1.0
403,61804288,72,72,1.0
404,61879488,54,51,0.9444444444444444
405,61843298,60,59,0.9833333333333333
406,67009518,9,9,1.0
407,63088788,18,17,0.9444444444444444
408,61806918,68,68,1.0
409,69886328,42,40,0.9523809523809523
410,61805198,66,66,1.0
411,66072258,32,32,1.0
412,61896268,31,31,1.0
413,66089288,13,13,1.0
414,61805268,76,76,1.0
415,63091678,15,15,1.0
416,61805358,60,60,1.0
417,61875968,26,26,1.0
418,66080208,4,4,1.0
419,67087998,0,0,
420,61857078,75,75,1.0
421,65056628,73,42,0.5753424657534246
422,65018138,11,11,1.0
423,61805808,62,62,1.0
424,69888788,28,28,1.0
425,66097558,32,20,0.625
426,61805378,56,56,1.0
427,67022298,13,13,1.0
428,65019268,30,30,1.0
429,66079188,18,18,1.0
430,67025058,7,7,1.0
431,61831868,53,42,0.7924528301886793
432,61891178,10,10,1.0
433,61805978,62,62,1.0
434,69820028,35,35,1.0
435,67025528,1,1,1.0
436,67809308,28,28,1.0
437,66020818,3,3,1.0
438,67019628,5,5,1.0
439,61867398,33,33,1.0
440,61806388,65,65,1.0
441,69853618,44,44,1.0
442,66068818,5,5,1.0
443,69869008,29,25,0.8620689655172413
444,67028908,1,1,1.0
445,62052178,55,55,1.0
446,69841578,56,56,1.0
447,62026088,45,45,1.0
448,67069178,2,2,1.0
449,61827208,39,39,1.0
450,61821318,24,23,0.9583333333333334
451,63008558,59,49,0.8305084745762712
452,69876458,47,37,0.7872340425531915
453,63021278,20,18,0.9
454,61828588,19,19,1.0
455,61850328,31,31,1.0
456,67092658,0,0,
457,61804998,71,71,1.0
458,65006158,18,18,1.0
459,69890808,15,15,1.0
460,67016298,7,4,0.5714285714285714
461,67001118,9,9,1.0
462,63071168,44,44,1.0
463,60820688,51,46,0.9019607843137255
464,66090558,12,12,1.0
465,62092688,18,18,1.0
466,66020238,21,21,1.0
467,61805528,56,55,0.9821428571428571
468,66020088,26,26,1.0
469,66079568,46,36,0.782608695652174
470,67057688,5,4,0.8
471,60008888,20,19,0.95
472,66079288,7,7,1.0
473,61858088,9,9,1.0
474,67011708,16,16,1.0
475,66085788,8,8,1.0
476,62096278,17,17,1.0
477,63007728,20,19,0.95
478,62080208,19,19,1.0
479,69849208,40,40,1.0
480,67075138,1,0,0.0
481,62088598,35,29,0.8285714285714286
482,61835118,200,0,0.0
484,60817358,7,6,0.8571428571428571
485,61887378,12,10,0.8333333333333334
486,62088238,42,40,0.9523809523809523
488,67855798,8,8,1.0
489,60820358,7,7,1.0
490,61801828,54,40,0.7407407407407407
491,66097708,5,5,1.0
492,61821098,32,32,1.0
493,61824308,64,64,1.0
494,65021198,21,21,1.0
495,60819178,6,6,1.0
496,67017528,5,5,1.0
497,67069918,1,1,1.0
499,65008678,9,7,0.7777777777777778
501,67021008,4,4,1.0
503,61880868,69,69,1.0
506,61824478,55,41,0.7454545454545455
508,61846058,31,28,0.9032258064516129
509,65022828,11,11,1.0
510,67000928,15,15,1.0
511,66010078,31,31,1.0
512,66052908,15,14,0.9333333333333333
513,62080928,29,29,1.0
514,67855718,30,27,0.9
515,63090118,35,34,0.9714285714285714
516,65011028,23,21,0.9130434782608695
517,62071698,4,4,1.0
518,61856828,76,76,1.0
519,62089668,39,38,0.9743589743589743
520,67001698,11,11,1.0
521,67067228,6,6,1.0
522,61820118,29,29,1.0
523,66082198,6,6,1.0
524,67050518,6,6,1.0
525,67018508,2,2,1.0
526,69848688,16,16,1.0
527,69818608,44,42,0.9545454545454546
528,61821728,76,76,1.0
529,61822358,63,63,1.0
530,61827558,66,66,1.0
531,61822308,37,37,1.0
532,67065288,1,1,1.0
533,66077238,4,4,1.0
534,61827758,71,69,0.971830985915493
535,67010758,12,11,0.9166666666666666
536,62080898,26,25,0.9615384615384616
537,67060228,4,3,0.75
538,69832828,25,25,1.0
539,63071138,51,51,1.0
540,67005578,16,16,1.0
541,60816828,50,11,0.22
542,63077188,61,37,0.6065573770491803
543,60829408,6,6,1.0
544,66066778,19,18,0.9473684210526315
545,66026608,28,28,1.0
546,60002868,10,10,1.0
547,66070668,14,13,0.9285714285714286
548,65052508,21,21,1.0
549,61815008,1,0,0.0
550,67027878,5,4,0.8
551,60828858,5,5,1.0
552,63091568,25,25,1.0
553,61831428,62,62,1.0
554,61806418,655,193,0.29465648854961835
555,60012728,47,47,1.0
556,67067008,0,0,
557,61843918,59,59,1.0
558,67065178,3,3,1.0
559,63060958,40,40,1.0
560,60807578,75,72,0.96
561,60827978,27,27,1.0
562,66097928,4,4,1.0
563,67050018,1,1,1.0
564,66078818,6,6,1.0
565,67066608,4,3,0.75
566,69830918,10,9,0.9
567,67060838,4,4,1.0
568,66072878,19,19,1.0
569,61806508,4,4,1.0
570,66091298,22,17,0.7727272727272727
571,66076798,20,20,1.0
572,67057288,3,3,1.0
573,69815268,30,30,1.0
574,67079278,3,3,1.0
575,67855728,40,40,1.0
576,67028588,5,5,1.0
577,69890928,27,27,1.0
578,66025228,18,18,1.0
579,63060898,10,10,1.0
580,67006518,3,3,1.0
581,69816458,28,28,1.0
582,61872958,7,5,0.7142857142857143
583,61824968,43,43,1.0
584,65027278,26,25,0.9615384615384616
585,60829528,31,31,1.0
586,60829308,34,33,0.9705882352941176
587,67055758,3,3,1.0
590,61812578,32,31,0.96875
591,61849388,46,43,0.9347826086956522
592,66066218,30,30,1.0
593,61825218,117,108,0.9230769230769231
594,61841558,77,0,0.0
595,61804898,20,20,1.0
596,66079528,20,20,1.0
597,66060788,26,26,1.0
598,63071178,15,12,0.8
599,63059158,24,24,1.0
600,67002098,9,9,1.0
601,60816818,40,40,1.0
602,62096038,27,27,1.0
603,61888218,30,29,0.9666666666666667
604,61890318,30,30,1.0
605,67021798,7,4,0.5714285714285714
606,60829568,46,46,1.0
607,66099058,24,24,1.0
608,66096168,23,22,0.9565217391304348
609,66052228,11,11,1.0
610,63065618,21,21,1.0
611,61860308,21,21,1.0
612,61860328,37,37,1.0
613,61866618,27,27,1.0
614,66079098,22,4,0.18181818181818182
615,60826708,5,5,1.0
616,62096088,29,29,1.0
617,69837908,27,26,0.9629629629629629
618,61804428,58,58,1.0
619,69847898,9,9,1.0
620,65022618,27,25,0.9259259259259259
621,67000188,18,17,0.9444444444444444
622,69825688,40,40,1.0
623,69873278,12,12,1.0
624,63070618,45,44,0.9777777777777777
625,65021578,15,15,1.0
626,61836018,146,146,1.0
627,61882298,116,116,1.0
628,61834128,66,65,0.9848484848484849
629,62097638,29,29,1.0
630,66097788,27,27,1.0
631,69863808,4,1,0.25
632,67065668,1,1,1.0
633,67052238,2,2,1.0
634,66098828,2,2,1.0
635,62099088,32,32,1.0
636,69825718,37,37,1.0
637,67001578,17,17,1.0
638,63070178,49,49,1.0
639,60814818,41,41,1.0
640,67002558,1,0,0.0
652,61840328,14,11,0.7857142857142857
654,69848758,6,6,1.0
655,60005058,65,44,0.676923076923077
656,61848978,69,67,0.9710144927536232
657,67002568,9,9,1.0
658,69812668,9,9,1.0
659,61867758,44,44,1.0
660,69885458,212,1,0.0047169811320754715
661,61867888,30,29,0.9666666666666667
662,61883898,42,42,1.0
663,67077638,0,0,
664,61844668,47,47,1.0
665,67015708,5,5,1.0
666,61804968,38,38,1.0
667,66071258,19,17,0.8947368421052632
668,60089218,53,53,1.0
669,61881688,10,10,1.0
701,88636695,14,4,0.2857142857142857
705,63018858,5,5,1.0
706,67082038,0,0,
708,67022218,0,0,
709,62079298,11,2,0.18181818181818182
712,62086878,4,4,1.0
717,66080978,8,8,1.0
720,61807328,13,13,1.0
725,69846068,74,71,0.9594594594594594
727,69874028,0,0,
728,60815058,84,29,0.34523809523809523
738,61856488,40,39,0.975
752,67096738,0,0,
756,69853488,10,8,0.8
767,67027858,1,0,0.0
774,66091128,17,15,0.8823529411764706
775,67029938,4,4,1.0
776,61859578,48,47,0.9791666666666666
777,62077008,26,24,0.9230769230769231
778,67002108,6,6,1.0
779,61874688,35,35,1.0
780,66025578,12,12,1.0
781,61834098,40,17,0.425
782,63055038,23,21,0.9130434782608695
783,67001688,14,14,1.0
784,67085818,1,0,0.0
785,63076868,45,42,0.9333333333333333
786,69896758,50,49,0.98
787,61848688,55,55,1.0
788,63018598,25,24,0.96
790,69871928,24,24,1.0
791,61804758,53,53,1.0
792,62086988,6,4,0.6666666666666666
793,61803298,75,73,0.9733333333333334
794,67075708,0,0,
795,62099168,1,0,0.0
796,61805888,89,88,0.9887640449438202
797,67005098,10,10,1.0
798,63019588,31,31,1.0
799,65007908,16,16,1.0
800,60007038,53,51,0.9622641509433962
801,60827108,21,21,1.0
802,66072728,9,9,1.0
803,67011298,10,9,0.9
804,66095528,24,23,0.9583333333333334
805,67020108,12,12,1.0
806,63005268,73,41,0.5616438356164384
807,69811288,44,22,0.5
808,69871608,24,23,0.9583333333333334
809,66022938,5,5,1.0
810,67052598,7,7,1.0
811,62079258,51,41,0.803921568627451
812,67006788,0,0,
813,67060908,3,3,1.0
814,69842758,37,37,1.0
815,65026028,9,9,1.0
816,66097578,14,14,1.0
817,67018208,13,12,0.9230769230769231
818,61895878,51,51,1.0
819,66069018,7,7,1.0
820,61822428,46,46,1.0
821,60817258,39,38,0.9743589743589743
822,63099508,3,2,0.6666666666666666
823,66077568,13,12,0.9230769230769231
824,63027678,14,12,0.8571428571428571
825,65026018,7,7,1.0
826,67025288,2,1,0.5
827,63021688,15,14,0.9333333333333333
828,63001958,18,18,1.0
829,67009688,10,10,1.0
830,63027098,30,30,1.0
831,69873168,19,16,0.8421052631578947
832,63072668,26,26,1.0
833,60820698,70,69,0.9857142857142858
834,67056168,5,4,0.8
835,67089928,1,0,0.0
836,60829658,101,99,0.9801980198019802
837,69858358,19,19,1.0
838,69897588,40,40,1.0
839,63095698,32,32,1.0
840,65008228,31,31,1.0
841,66069598,7,7,1.0
842,67015858,4,4,1.0
843,60010088,2,2,1.0
844,63082588,6,6,1.0
845,62095928,65,56,0.8615384615384616
846,66051038,13,13,1.0
847,61850788,53,53,1.0
848,69840508,0,0,
849,60851968,28,28,1.0
850,67092628,0,0,
851,67050828,4,3,0.75
852,69851528,36,36,1.0
853,67098738,0,0,
854,61881778,33,33,1.0
855,61889178,41,41,1.0
856,66052168,31,31,1.0
858,67095618,2,1,0.5
859,69815118,12,12,1.0
860,67009908,7,6,0.8571428571428571
861,66028568,12,12,1.0
862,65000108,29,28,0.9655172413793104
863,69836578,39,38,0.9743589743589743
864,66087508,13,13,1.0
865,67090518,0,0,
866,68000588,0,0,
867,66082568,31,19,0.6129032258064516
868,67090918,0,0,
869,67068958,0,0,
870,67027908,11,6,0.5454545454545454
871,67006928,5,5,1.0
872,67095968,0,0,
873,66068938,3,2,0.6666666666666666
874,65060818,10,10,1.0
875,69874008,12,7,0.5833333333333334
890,60830098,6,6,1.0
891,65012038,15,0,0.0
892,66068778,6,0,0.0
894,66068688,22,22,1.0
896,67056688,1,0,0.0
897,67060578,2,2,1.0
905,67081868,0,0,
922,66091858,6,1,0.16666666666666666
934,67055598,2,2,1.0
936,62079598,11,11,1.0
941,67016668,4,4,1.0
942,67065038,1,1,1.0
943,62081808,3,2,0.6666666666666666
946,66077228,1,1,1.0
956,60800018,1,0,0.0
957,67005768,4,1,0.25
963,66076058,24,20,0.8333333333333334
964,67020598,7,7,1.0
966,66085188,2,2,1.0
972,62097978,26,26,1.0
1000,69827968,38,38,1.0
1001,62091558,40,40,1.0
1002,67065758,0,0,
1003,69869898,31,31,1.0
1004,66022128,25,23,0.92
1006,67021618,1,1,1.0
1012,67021278,2,1,0.5
1013,62067128,12,11,0.9166666666666666
1017,62085508,13,13,1.0
1018,60000198,34,34,1.0
1019,67078278,0,0,
1020,67007898,6,6,1.0
1021,66020078,19,19,1.0
1022,67020578,2,2,1.0
1023,61860798,38,38,1.0
1024,67012838,16,16,1.0
1025,67058968,11,6,0.5454545454545454
1026,66098778,6,6,1.0
1027,61844898,13,3,0.23076923076923078
1028,60809258,16,12,0.75
1029,61826068,42,42,1.0
1030,69862888,4,4,1.0
1040,61849178,88,78,0.8863636363636364
1041,62071868,71,64,0.9014084507042254
1042,67068188,2,2,1.0
1043,61897828,16,8,0.5
1044,66881878,45,43,0.9555555555555556
1045,67059128,3,3,1.0
1046,60806758,64,59,0.921875
1047,65019758,29,27,0.9310344827586207
1048,72788881,10,0,0.0
1049,67086168,0,0,
1050,61812028,75,73,0.9733333333333334
1051,65019568,35,26,0.7428571428571429
1052,67065688,0,0,
1053,67008278,5,5,1.0
1054,66080788,9,9,1.0
1055,67056568,3,3,1.0
1056,66071218,15,11,0.7333333333333333
1057,67008888,8,8,1.0
1058,66097228,22,8,0.36363636363636365
1059,62085588,43,43,1.0
1060,60012988,36,27,0.75
1061,66098958,16,16,1.0
1062,66051668,31,31,1.0
1063,69885418,67,64,0.9552238805970149
1064,67059608,5,5,1.0
1065,67058558,8,8,1.0
1066,67027698,4,4,1.0
1067,67002638,6,6,1.0
1068,61825088,27,26,0.9629629629629629
1069,61877968,27,27,1.0
1070,61861878,48,45,0.9375
1071,61851328,42,41,0.9761904761904762
1072,63076688,2,1,0.5
1073,69889408,20,19,0.95
1074,63015138,8,0,0.0
1075,61842828,59,59,1.0
1076,66097018,26,26,1.0
1077,69802588,40,36,0.9
1078,67008068,10,10,1.0
1079,63071738,17,13,0.7647058823529411
1080,67058888,3,3,1.0
1081,61807428,32,24,0.75
1082,65015618,53,53,1.0
1083,67079058,0,0,
1084,61891208,51,51,1.0
1085,61808168,25,17,0.68
1086,66051658,35,35,1.0
1087,66050778,36,36,1.0
1088,67068638,0,0,
1089,67029898,5,4,0.8
1090,67058898,3,3,1.0
1091,61825858,51,51,1.0
1092,65059908,8,8,1.0
1093,69844798,15,15,1.0
1094,67058838,3,3,1.0
1095,66095958,4,4,1.0
1096,69879508,30,30,1.0
1097,62090878,34,32,0.9411764705882353
1098,61846088,22,22,1.0
1099,63069278,14,14,1.0
1100,67079678,2,0,0.0
1101,66061608,5,3,0.6
1106,60000988,5,1,0.2
1107,60006568,16,16,1.0
1109,69844108,9,9,1.0
1115,60825288,4,4,1.0
1117,60825298,3,3,1.0
1118,68844788,5,5,1.0
1122,65018578,12,12,1.0
1125,65019868,16,12,0.75
1127,62080128,11,7,0.6363636363636364
1139,67070808,1,0,0.0
1141,63065608,25,22,0.88
1143,61826578,10,7,0.7
1146,68680209,13,13,1.0
1151,60800098,29,12,0.41379310344827586
1152,66092728,0,0,
1167,60827768,21,14,0.6666666666666666
1169,66099658,45,0,0.0
1171,60016768,2,2,1.0
1172,61891298,49,49,1.0
1173,60811318,48,48,1.0
1176,67028178,2,2,1.0
1177,67000778,1,1,1.0
1180,61880668,37,37,1.0
1181,60801688,11,11,1.0
1183,67019898,3,2,0.6666666666666666
1185,66075908,3,3,1.0
1186,66089608,12,8,0.6666666666666666
1187,63057288,4,4,1.0
1188,67061628,0,0,
1189,65020058,1,0,0.0
1193,66098008,3,0,0.0
1194,67010138,13,13,1.0
1202,61826718,25,25,1.0
1214,67012958,2,2,1.0
1215,63050618,18,16,0.8888888888888888
1217,60016678,32,32,1.0
1223,67029878,3,3,1.0
1224,66070078,6,6,1.0
1233,61803418,13,13,1.0
1236,62840178,22,22,1.0
1239,65026728,11,11,1.0
1242,63080908,55,40,0.7272727272727273
1244,67009888,4,4,1.0
1246,62095718,34,29,0.8529411764705882
1247,67000058,4,4,1.0
1248,66077698,2,1,0.5
1249,61872558,70,70,1.0
1250,61829368,43,40,0.9302325581395349
1251,60813178,24,24,1.0
1252,66077078,3,3,1.0
1253,60800108,24,24,1.0
1254,19860923,29,24,0.8275862068965517
1255,67068738,2,2,1.0
1257,67010808,1,0,0.0
1258,66081758,23,3,0.13043478260869565
1259,63071638,23,16,0.6956521739130435
1260,62096078,16,16,1.0
1261,61801418,215,61,0.2837209302325581
1262,60818258,15,15,1.0
1263,61850178,51,45,0.8823529411764706
1264,61834458,23,23,1.0
1265,69838318,34,34,1.0
1266,61832498,65,65,1.0
1267,67019528,8,7,0.875
1268,61846968,68,68,1.0
1269,68843158,73,26,0.3561643835616438
1270,60010588,3,2,0.6666666666666666
1271,67008678,5,3,0.6
1272,61895488,52,52,1.0
1273,61825828,127,1,0.007874015748031496
1274,66098808,7,7,1.0
1275,61826658,1,1,1.0
1276,60818518,34,25,0.7352941176470589
1277,63065838,19,19,1.0
1278,61869198,95,69,0.7263157894736842
1279,61832308,68,68,1.0
1280,65060678,44,23,0.5227272727272727
1281,62091928,44,18,0.4090909090909091
1282,61805388,23,22,0.9565217391304348
1283,67000218,10,10,1.0
1284,61840058,27,27,1.0
1285,69842198,41,40,0.975609756097561
1286,67028198,6,5,0.8333333333333334
1287,67051068,5,4,0.8
1288,65019718,35,35,1.0
1289,60001668,44,6,0.13636363636363635
1290,62096118,23,23,1.0
1291,60820418,15,15,1.0
1292,67079808,1,0,0.0
1293,65089628,4,1,0.25
1295,67025198,4,4,1.0
1296,67027758,3,3,1.0
1298,63015168,31,31,1.0
1299,67020588,16,16,1.0
1300,62089698,61,24,0.39344262295081966
1301,61852928,52,52,1.0
1305,67021868,4,4,1.0
1306,61861868,22,22,1.0
1307,66096868,0,0,
1308,61842518,45,45,1.0
1309,61834678,16,15,0.9375
1310,62089678,69,36,0.5217391304347826
1311,62089588,49,30,0.6122448979591837
1312,69872398,49,28,0.5714285714285714
1313,67010978,8,8,1.0
1319,66072758,9,8,0.8888888888888888
1324,66069038,23,23,1.0
1325,66075058,35,35,1.0
1326,67010178,1,1,1.0
1327,61820828,1,1,1.0
1329,67002298,1,0,0.0
1330,66029938,5,5,1.0
1335,66071288,2,1,0.5
1341,67065828,2,2,1.0
1354,62069618,18,18,1.0
1355,62069638,18,18,1.0
1356,62061698,18,18,1.0
1357,62061718,22,22,1.0
1364,62070078,24,24,1.0
1366,62075258,20,20,1.0
1367,62069668,23,23,1.0
1376,69809968,11,11,1.0
1378,66072268,3,3,1.0
1380,62075598,8,8,1.0
1381,69887158,10,10,1.0
1382,67008788,9,8,0.8888888888888888
1387,67028158,3,3,1.0
1390,63091618,5,5,1.0
1391,62081588,8,1,0.125
1393,67029808,2,2,1.0
1394,67050718,3,3,1.0
1396,67050078,5,5,1.0
1401,68840728,36,36,1.0
1420,61854318,45,43,0.9555555555555556
1421,67028028,7,6,0.8571428571428571
1422,69802498,14,10,0.7142857142857143
1428,67028238,2,2,1.0
1429,65019988,17,17,1.0
1431,67066528,2,2,1.0
1437,61896478,26,25,0.9615384615384616
1438,67028298,4,4,1.0
1443,67856698,34,34,1.0
1448,67059168,0,0,
1452,63070538,0,0,
1456,63079178,22,19,0.8636363636363636
1458,67021638,15,12,0.8
1461,69861468,9,8,0.8888888888888888
1462,61851778,56,56,1.0
1463,69880858,16,13,0.8125
1464,61802578,31,31,1.0
1465,65021138,17,16,0.9411764705882353
1466,69854228,20,20,1.0
1467,67027688,10,6,0.6
1468,61853898,11,10,0.9090909090909091
1469,61890008,28,26,0.9285714285714286
1470,66077508,1,1,1.0
1471,69809768,8,7,0.875
1472,63075198,46,46,1.0
1473,63077858,28,28,1.0
1474,61806518,86,70,0.813953488372093
1475,63098218,37,35,0.9459459459459459
1476,69824278,40,5,0.125
1477,65050288,17,3,0.17647058823529413
1478,61804678,41,41,1.0
1480,63088078,28,27,0.9642857142857143
1481,62077238,24,21,0.875
1482,67067118,1,1,1.0
1483,66025188,22,22,1.0
1484,62099718,33,25,0.7575757575757576
1485,61802898,164,98,0.5975609756097561
1486,63066268,16,9,0.5625
1487,66019818,21,21,1.0
1488,61824358,42,42,1.0
1489,61804308,18,17,0.9444444444444444
1490,67057578,7,6,0.8571428571428571
1491,61807808,373,99,0.26541554959785524
1492,65009818,64,5,0.078125
1493,67080558,1,0,0.0
1494,60828898,61,60,0.9836065573770492
1496,61834078,23,23,1.0
1497,61848858,27,27,1.0
1498,61852628,35,34,0.9714285714285714
1499,66089908,3,1,0.3333333333333333
1500,69886998,48,48,1.0
1501,61833798,33,5,0.15151515151515152
1502,65017688,15,15,1.0
1503,33946889,14,14,1.0
1504,62081878,55,51,0.9272727272727272
1505,63027038,38,38,1.0
1506,60015118,48,48,1.0
1507,61840778,49,46,0.9387755102040817
1508,60807518,1,0,0.0
1509,67011798,10,9,0.9
1510,67810588,45,44,0.9777777777777777
1511,63072988,27,27,1.0
1512,67856058,42,29,0.6904761904761905
1513,67021718,11,10,0.9090909090909091
1514,62082068,34,33,0.9705882352941176
1515,63008888,33,31,0.9393939393939394
1516,61807708,42,42,1.0
1517,66072658,14,14,1.0
1518,61805318,12,9,0.75
1519,60016808,1,1,1.0
1520,66071578,12,12,1.0
1521,67089208,0,0,
1522,61871808,51,50,0.9803921568627451
1523,66098898,13,13,1.0
1524,65058128,33,33,1.0
1526,60005098,15,13,0.8666666666666667
1527,67057788,9,9,1.0
1528,66096928,14,14,1.0
1529,61891668,60,38,0.6333333333333333
1530,67816798,48,45,0.9375
1533,63067608,1,0,0.0
1534,67022558,5,3,0.6
1535,67025758,5,4,0.8
1536,68842728,11,0,0.0
1537,69881018,18,16,0.8888888888888888
1538,66028798,2,2,1.0
1539,69861668,38,38,1.0
1540,67025888,1,0,0.0
1541,61874908,5,5,1.0
1542,65016998,9,9,1.0
1543,65022958,11,11,1.0
1544,67065298,2,1,0.5
1545,67008658,8,8,1.0
1549,66099118,16,16,1.0
1550,61862128,25,25,1.0
1552,67065578,2,1,0.5
1553,62086778,26,26,1.0
1554,66092978,9,0,0.0
1560,67056508,2,2,1.0
1563,67029558,6,5,0.8333333333333334
1566,67026668,3,3,1.0
1567,65010808,16,12,0.75
1595,62080098,14,14,1.0
1596,67008008,4,4,1.0
1597,67813018,91,16,0.17582417582417584
1614,63069978,19,19,1.0
1615,67056798,11,10,0.9090909090909091
1616,65028988,25,25,1.0
1617,67001558,11,11,1.0
1618,69839678,55,52,0.9454545454545454
1619,66055208,16,13,0.8125
1620,65008808,19,16,0.8421052631578947
1621,67075218,1,0,0.0
1622,67056598,5,5,1.0
1623,67022758,1,1,1.0
1624,61864688,21,21,1.0
1625,66069538,6,6,1.0
1626,65075998,21,21,1.0
1627,61813358,21,21,1.0
1628,61813558,21,21,1.0
1629,69898808,25,15,0.6
1630,67067508,6,6,1.0
1631,67008518,11,9,0.8181818181818182
1632,67000128,9,9,1.0
1633,61856028,1372,4,0.0029154518950437317
1634,67025918,5,5,1.0
1635,89318150,11,11,1.0
1636,61868718,16,16,1.0
1637,67052108,5,5,1.0
1638,60818568,23,23,1.0
1639,69896528,29,29,1.0
1640,63089068,21,21,1.0
1641,69870888,28,28,1.0
1642,67021808,9,9,1.0
1643,67022768,2,2,1.0
1644,66066768,12,12,1.0
1645,69838518,60,59,0.9833333333333333
1646,69820658,31,23,0.7419354838709677
1647,67029788,5,4,0.8
1648,65018128,21,21,1.0
1649,67077828,0,0,
1650,67010298,56,0,0.0
1651,65082578,43,42,0.9767441860465116
1652,63079808,50,46,0.92
1653,67029918,6,5,0.8333333333333334
1654,63067028,4,4,1.0
1655,63009528,44,44,1.0
1656,67066838,0,0,
1658,65009978,9,9,1.0
1659,63090988,34,33,0.9705882352941176
1664,67058688,4,3,0.75
1665,67009968,13,13,1.0
1666,66076698,13,13,1.0
1667,62091228,32,31,0.96875
1668,69893333,2,2,1.0
1669,66066968,5,5,1.0
1670,66025838,28,28,1.0
1671,67009828,11,11,1.0
1672,62089508,72,52,0.7222222222222222
1673,61808308,715,134,0.1874125874125874
1674,61827368,30,30,1.0
1675,65012298,30,30,1.0
1676,63078208,24,24,1.0
1677,60018908,30,30,1.0
1678,61834528,6,0,0.0
1679,63018928,12,12,1.0
1680,66019558,21,19,0.9047619047619048
1681,61835718,36,36,1.0
1682,66061288,14,14,1.0
1683,67015578,7,7,1.0
1684,69852028,22,21,0.9545454545454546
1685,63060538,26,18,0.6923076923076923
1686,67051738,2,2,1.0
1687,66050838,29,29,1.0
1688,60008078,13,11,0.8461538461538461
1699,61804668,228,69,0.3026315789473684
1700,67022288,9,9,1.0
1701,66087728,21,21,1.0
1721,67057868,1,1,1.0
1726,67052958,2,1,0.5
1729,61822468,65,65,1.0
1732,63096918,11,10,0.9090909090909091
1746,61823468,1,1,1.0
1748,66090638,6,5,0.8333333333333334
1749,63015128,9,3,0.3333333333333333
1758,69811618,33,20,0.6060606060606061
1766,61847008,48,48,1.0
1779,61808098,24,1,0.041666666666666664
1780,66019918,6,6,1.0
1781,66020858,207,3,0.014492753623188406
1782,65006928,6,6,1.0
1783,61805598,45,45,1.0
1784,65009138,21,19,0.9047619047619048
1785,60820678,29,29,1.0
1786,60820108,45,45,1.0
1787,60800058,11,8,0.7272727272727273
1788,62051118,29,13,0.4482758620689655
1789,66090708,5,5,1.0
1790,67025658,3,3,1.0
1791,61835288,22,21,0.9545454545454546
1792,61878468,32,32,1.0
1793,67001208,5,5,1.0
1794,69844068,77,48,0.6233766233766234
1795,67011108,6,6,1.0
1796,66091228,4,4,1.0
1797,61870068,17,17,1.0
1798,33333333,6,3,0.5
1799,62087938,64,63,0.984375
1800,61897928,34,25,0.7352941176470589
1801,66078518,1,1,1.0
1802,66099508,20,14,0.7
1803,67057278,2,1,0.5
1804,65020778,18,18,1.0
1805,61854188,35,35,1.0
1806,69832298,20,19,0.95
1807,61888798,2,2,1.0
1808,67065508,4,4,1.0
1809,61804988,25,6,0.24
1810,61877228,32,32,1.0
1811,67005598,1,0,0.0
1812,63000958,12,9,0.75
1813,68831678,38,34,0.8947368421052632
1815,66022028,14,14,1.0
1816,67012078,7,7,1.0
1817,61820188,50,50,1.0
1818,61823018,53,51,0.9622641509433962
1819,60818068,26,26,1.0
1820,62075528,42,42,1.0
1821,69869998,5,4,0.8
1822,65081878,16,8,0.5
1823,61811000,1,1,1.0
1824,60814998,5,5,1.0
1827,69897988,43,42,0.9767441860465116
1828,62096868,21,21,1.0
1840,63067518,36,36,1.0
1842,69812568,54,1,0.018518518518518517
1848,60822478,9,0,0.0
1856,67029618,3,3,1.0
1857,60802128,29,29,1.0
1863,61849278,44,44,1.0
1864,66017888,30,30,1.0
1866,63066788,29,28,0.9655172413793104
1868,61895208,2,2,1.0
1875,67025988,7,7,1.0
1878,69852608,11,11,1.0
1883,62097068,26,24,0.9230769230769231
1888,62091178,28,28,1.0
1889,65025918,24,15,0.625
1890,63089698,2,0,0.0
1891,63086588,8,8,1.0
1892,67062838,2,2,1.0
1893,61857328,58,55,0.9482758620689655
1894,69847188,37,35,0.9459459459459459
1895,65022888,40,40,1.0
1896,61857178,16,16,1.0
1897,61828858,13,13,1.0
1898,65050078,36,36,1.0
1899,65025818,14,13,0.9285714285714286
1900,66079618,17,16,0.9411764705882353
1901,67061778,3,2,0.6666666666666666
1902,63061558,33,33,1.0
1903,67018758,11,11,1.0
1904,69851428,8,8,1.0
1905,68841288,3,3,1.0
1906,69869408,47,46,0.9787234042553191
1907,65022868,35,34,0.9714285714285714
1908,66097118,16,16,1.0
1909,66062638,7,7,1.0
1910,69853288,37,37,1.0
1911,63056258,27,26,0.9629629629629629
1912,65025228,40,38,0.95
1913,61851188,32,32,1.0
1914,67005238,7,6,0.8571428571428571
1915,67028058,2,2,1.0
1916,66020698,38,38,1.0
1917,60828508,33,33,1.0
1918,67061798,4,3,0.75
1919,66092778,7,7,1.0
1920,62089528,31,31,1.0
1921,67077118,1,1,1.0
1922,67002588,12,12,1.0
1923,63086738,51,49,0.9607843137254902
1924,63078788,34,34,1.0
1925,67052678,9,8,0.8888888888888888
1926,67001238,5,5,1.0
1927,67005718,8,8,1.0
1928,60820278,52,51,0.9807692307692307
1929,67005728,9,9,1.0
1930,62089818,29,29,1.0
1931,67026928,1,0,0.0
1932,61822618,33,33,1.0
1933,66096128,23,23,1.0
1934,66070028,26,24,0.9230769230769231
1935,69864818,35,29,0.8285714285714286
1936,61841228,27,17,0.6296296296296297
1937,65022158,14,14,1.0
1938,61833408,32,29,0.90625
1939,66089058,6,6,1.0
1941,61855688,16,15,0.9375
1945,69864398,50,50,1.0
1946,67067688,1,1,1.0
1952,65019138,21,20,0.9523809523809523
1953,66096088,35,9,0.2571428571428571
1955,67002118,10,10,1.0
1956,67000178,17,17,1.0
1957,61820888,57,51,0.8947368421052632
1958,67026208,3,3,1.0
1959,67060678,4,4,1.0
1960,66072978,5,5,1.0
1961,60018678,31,19,0.6129032258064516
1962,67025898,3,3,1.0
1963,67007918,0,0,
1964,67020158,3,2,0.6666666666666666
1965,61849588,94,72,0.7659574468085106
1966,60801558,14,13,0.9285714285714286
1967,60818398,53,53,1.0
1968,66029768,25,25,1.0
1969,69875468,43,42,0.9767441860465116
1970,61832778,48,45,0.9375
1971,67009588,6,6,1.0
1972,67007868,1,1,1.0
1973,67853488,17,7,0.4117647058823529
1974,63086818,14,12,0.8571428571428571
1975,61849688,38,38,1.0
1976,61882908,28,2,0.07142857142857142
1977,60008918,37,37,1.0
1978,61873198,29,29,1.0
1981,61823088,66,49,0.7424242424242424
1983,66029268,26,1,0.038461538461538464
1984,66086988,4,3,0.75
1985,63068678,10,0,0.0
1996,88881129,16,6,0.375
1997,66029028,20,19,0.95
1998,66026258,16,15,0.9375
2002,20171101,74,48,0.6486486486486487
2003,66099898,10,10,1.0
2005,69859918,4,4,1.0
2008,66069958,7,3,0.42857142857142855
2011,66089738,7,7,1.0
2015,65011078,3,3,1.0
2025,63077698,20,17,0.85
2027,67060888,2,2,1.0
2032,67050878,3,3,1.0
2035,68841058,52,52,1.0
2039,66085018,2,2,1.0
2040,65029818,27,26,0.9629629629629629
2041,67062758,2,2,1.0
2042,67810658,26,20,0.7692307692307693
2044,67025638,1,1,1.0
2045,66020638,19,19,1.0
2046,68844168,44,44,1.0
2048,67020868,1,1,1.0
2049,65009938,23,23,1.0
2050,69842398,47,47,1.0
2051,69855818,10,10,1.0
2052,66893718,222,110,0.4954954954954955
2053,66050228,28,22,0.7857142857142857
2054,61825208,41,41,1.0
2055,69830858,50,32,0.64
2056,67016588,8,8,1.0
2057,61834918,20,13,0.65
2058,66888728,39,0,0.0
2059,63099278,22,21,0.9545454545454546
2060,61871798,51,50,0.9803921568627451
2061,65016128,20,20,1.0
2062,61874918,49,36,0.7346938775510204
2063,69886708,49,47,0.9591836734693877
2064,69828598,2,1,0.5
2065,61807098,62,46,0.7419354838709677
2066,62075028,13,13,1.0
2067,67012118,5,5,1.0
2068,66061878,3,3,1.0
2069,61859528,8,6,0.75
2070,62092668,23,16,0.6956521739130435
2071,69892828,23,15,0.6521739130434783
2072,66050038,2,2,1.0
2074,60085268,46,46,1.0
2075,69828108,106,56,0.5283018867924528
2076,67810458,2,2,1.0
2077,67006668,16,16,1.0
2078,61866918,29,29,1.0
2079,67012968,4,3,0.75
2080,61891488,13,13,1.0
2081,61890928,30,30,1.0
2082,67012028,4,4,1.0
2083,61828508,24,24,1.0
2084,60820118,40,36,0.9
2085,67062568,0,0,
2086,67071558,1,1,1.0
2088,66075688,6,6,1.0
2089,66027008,19,15,0.7894736842105263
2090,65089218,7,7,1.0
2091,61824508,140,88,0.6285714285714286
2092,63025278,147,43,0.2925170068027211
2093,65057228,27,27,1.0
2094,67012568,12,12,1.0
2095,67001798,26,26,1.0
2096,61802908,11,11,1.0
2098,67072058,0,0,
2099,63089578,16,16,1.0
2100,62070628,64,61,0.953125
2101,61829078,14,14,1.0
2102,63067508,20,20,1.0
2109,61835728,24,24,1.0
2112,62001008,10,9,0.9
2113,65026208,11,11,1.0
2114,65075898,10,5,0.5
2120,61864328,41,35,0.8536585365853658
2125,61827028,51,51,1.0
2128,69810568,32,30,0.9375
2130,61875288,30,30,1.0
2133,67017058,11,11,1.0
2134,67017668,8,8,1.0
2135,66022528,8,6,0.75
2142,66067218,23,20,0.8695652173913043
2146,66075038,3,3,1.0
2164,62076638,29,28,0.9655172413793104
2165,66075218,3,3,1.0
2166,65025868,10,10,1.0
2169,67000738,2,2,1.0
2175,66099768,6,6,1.0
2176,61804598,138,115,0.8333333333333334
2177,67051618,9,8,0.8888888888888888
2178,61824398,54,54,1.0
2179,66072078,15,15,1.0
2180,67005508,12,9,0.75
2181,67016278,4,3,0.75
2182,67071038,2,1,0.5
2183,69892228,17,17,1.0
2184,61829028,38,38,1.0
2185,61849918,43,43,1.0
2186,67000958,10,10,1.0
2187,66097588,9,9,1.0
2188,66066298,25,25,1.0
2189,66052998,16,16,1.0
2190,67028258,0,0,
2191,61821128,25,25,1.0
2192,67020078,1,1,1.0
2193,69852688,23,20,0.8695652173913043
2194,60812668,33,33,1.0
2195,65060528,12,12,1.0
2196,66066888,11,11,1.0
2197,67022958,2,2,1.0
2198,69830228,139,10,0.07194244604316546
2199,66076838,10,10,1.0
2200,61894758,58,55,0.9482758620689655
2201,60826618,71,49,0.6901408450704225
2203,61851298,21,21,1.0
2204,61868788,13,13,1.0
2205,65002268,28,28,1.0
2206,67068538,2,1,0.5
2207,65020018,28,28,1.0
2208,61854688,18,18,1.0
2209,61829668,24,24,1.0
2210,61855288,18,18,1.0
2211,67007608,4,4,1.0
2212,61804228,12,12,1.0
2213,61844758,8,6,0.75
2214,61850158,37,37,1.0
2215,67021688,8,7,0.875
2216,61874428,24,24,1.0
2217,66095118,26,26,1.0
2218,69850478,21,21,1.0
2219,67010028,13,13,1.0
2220,66098788,7,7,1.0
2221,67062538,1,0,0.0
2222,61802788,82,81,0.9878048780487805
2223,63087678,21,21,1.0
2224,61831768,23,23,1.0
2225,60829208,31,31,1.0
2227,63060138,21,21,1.0
2228,67000618,22,22,1.0
2229,65011818,6,6,1.0
2230,62088788,52,48,0.9230769230769231
2231,60812128,25,25,1.0
2232,61879628,44,44,1.0
2233,61831078,76,33,0.4342105263157895
2235,61832758,39,36,0.9230769230769231
2236,66051288,14,14,1.0
2237,60830328,36,36,1.0
2238,61860368,30,30,1.0
2239,61826218,45,45,1.0
2240,66068828,14,14,1.0
2241,69839168,19,19,1.0
2242,61869058,91,83,0.9120879120879121
2243,61831778,26,26,1.0
2244,67062598,2,1,0.5
2245,69872168,13,10,0.7692307692307693
2246,63025038,34,34,1.0
2247,61831328,22,21,0.9545454545454546
2248,61824818,54,53,0.9814814814814815
2249,67015628,6,6,1.0
2250,67000818,20,20,1.0
2251,63009638,10,8,0.8
2252,63001288,9,9,1.0
2253,61827858,48,44,0.9166666666666666
2254,66081778,11,10,0.9090909090909091
2255,66028558,34,32,0.9411764705882353
2256,65018228,25,25,1.0
2261,61880198,5,5,1.0
2263,65055538,8,8,1.0
2267,60818708,10,10,1.0
2272,62068878,14,14,1.0
2273,65010088,6,6,1.0
2274,63096538,25,25,1.0
2277,18669555,4,4,1.0
2282,60845788,10,10,1.0
2283,61832568,37,36,0.972972972972973
2284,62888188,11,11,1.0
2286,60848968,15,15,1.0
2287,66892398,9,9,1.0
2289,63068028,13,1,0.07692307692307693
2290,62055098,24,24,1.0
2298,67028538,7,6,0.8571428571428571
2306,62099898,11,11,1.0
2307,63069108,33,33,1.0
2308,62075208,0,0,
2315,66085208,15,15,1.0
2318,63022698,11,11,1.0
2320,61859198,15,13,0.8666666666666667
2330,67026108,1,1,1.0
2340,67066288,4,3,0.75
2341,66090828,10,10,1.0
2342,66091288,2,2,1.0
2343,63008078,8,8,1.0
2344,61894858,4,3,0.75
2346,66077988,6,6,1.0
2347,69843018,1,0,0.0
2348,67029288,1,1,1.0
2349,67025878,1,1,1.0
2350,63079688,5,5,1.0
2351,61841988,49,49,1.0
2352,69896178,33,25,0.7575757575757576
2353,61840688,12,12,1.0
2354,63025288,73,61,0.8356164383561644
2355,61824858,35,34,0.9714285714285714
2356,69835198,4,2,0.5
2358,67069738,1,0,0.0
2360,63081278,28,24,0.8571428571428571
2361,61807668,54,54,1.0
2362,69890528,16,13,0.8125
2363,61854378,66,62,0.9393939393939394
2364,66089998,116,34,0.29310344827586204
2365,61805428,64,63,0.984375
2366,60818368,17,17,1.0
2367,67022668,8,8,1.0
2368,67059268,1,1,1.0
2369,66082858,6,6,1.0
2371,66016728,16,2,0.125
2372,63068828,22,1,0.045454545454545456
2375,63087988,12,8,0.6666666666666666
2378,67061678,3,3,1.0
2382,67000288,6,6,1.0
2383,66085078,9,9,1.0
2389,62080658,2,2,1.0
2398,67069078,2,1,0.5
2399,67028808,51,7,0.13725490196078433
2402,65017798,6,5,0.8333333333333334
2405,60808118,83,44,0.5301204819277109
2410,65015088,23,23,1.0
2411,63077058,38,37,0.9736842105263158
2412,61891058,20,19,0.95
2420,66051218,4,2,0.5
2423,69802568,1,1,1.0
2431,66667878,6,1,0.16666666666666666
2432,62098978,26,16,0.6153846153846154
2433,61835808,84,56,0.6666666666666666
2434,67000688,9,3,0.3333333333333333
2435,69861888,9,9,1.0
2436,62069828,6,4,0.6666666666666666
2437,67015808,1,0,0.0
2438,67016658,3,3,1.0
2439,67000538,22,22,1.0
2440,60815208,14,5,0.35714285714285715
2441,65009128,16,16,1.0
2442,61847368,50,3,0.06
2443,66025798,19,19,1.0
2444,60806488,18,18,1.0
2445,67815518,42,42,1.0
2446,61822328,30,30,1.0
2447,61841488,60,59,0.9833333333333333
2448,60828418,72,68,0.9444444444444444
2449,62092888,46,46,1.0
2450,61812998,369,143,0.3875338753387534
2453,66097888,12,12,1.0
2454,60852078,50,49,0.98
2455,67056618,1,0,0.0
2459,20081218,42,24,0.5714285714285714
2460,88880008,109,74,0.6788990825688074
2461,20070608,133,80,0.6015037593984962
2462,61847288,13,10,0.7692307692307693
2464,67067288,2,2,1.0
2466,67050228,5,3,0.6
2470,65889998,19,19,1.0
2471,66061228,14,14,1.0
2472,69841658,8,7,0.875
2473,63078868,29,27,0.9310344827586207
2474,61874558,84,83,0.9880952380952381
2478,67026008,6,6,1.0
2479,62008178,14,14,1.0
2486,61896858,0,0,
2499,69859658,39,39,1.0
2500,67026988,5,4,0.8
2501,67058778,1,0,0.0
2502,61891018,45,45,1.0
2503,62088068,52,50,0.9615384615384616
2504,61872468,6,6,1.0
2505,67015778,1,1,1.0
2506,67026158,4,4,1.0
2507,61855578,62,60,0.967741935483871
2508,61823568,19,17,0.8947368421052632
2509,66089168,7,3,0.42857142857142855
2510,66008638,3,3,1.0
2511,66029298,5,5,1.0
2512,62089878,23,23,1.0
2513,60824208,26,26,1.0
2514,61827658,83,82,0.9879518072289156
2515,61840798,57,57,1.0
2516,61828698,14,14,1.0
2517,61862598,35,33,0.9428571428571428
2518,61855718,39,39,1.0
2519,61824198,69,67,0.9710144927536232
2520,69886568,3,3,1.0
2521,69869218,17,17,1.0
2522,65019058,1,0,0.0
2526,63069118,3,0,0.0
2532,61807798,44,44,1.0
2533,61807688,32,32,1.0
2534,61807558,44,44,1.0
2535,61807598,42,42,1.0
2536,61810988,52,51,0.9807692307692307
2539,61807908,60,60,1.0
2540,61829598,29,29,1.0
2544,69888078,31,31,1.0
2547,61882108,8,8,1.0
2553,63066988,23,16,0.6956521739130435
2554,60805988,34,34,1.0
2556,61857098,44,44,1.0
2566,61854228,32,32,1.0
2570,67051678,1,0,0.0
2571,61866688,7,6,0.8571428571428571
2584,63002588,21,21,1.0
2588,66029118,12,12,1.0
2589,68843798,36,36,1.0
2590,61800858,9,8,0.8888888888888888
2593,60801478,5,5,1.0
2594,60808508,3,3,1.0
2595,61887988,41,41,1.0
2596,67017998,3,3,1.0
2597,61821458,44,26,0.5909090909090909
2598,67065078,2,2,1.0
2599,61852108,14,14,1.0
2600,66050258,24,24,1.0
2601,66069678,6,6,1.0
2602,65018918,5,5,1.0
2603,66026538,4,4,1.0
2604,61830918,43,40,0.9302325581395349
2605,61853058,22,21,0.9545454545454546
2606,69851118,50,49,0.98
2607,67056658,3,3,1.0
2608,60805878,13,12,0.9230769230769231
2609,63090968,56,53,0.9464285714285714
2610,60009168,63,63,1.0
2612,61830688,48,48,1.0
2613,61830618,61,61,1.0
2614,60822658,43,38,0.8837209302325582
2616,67028728,2,2,1.0
2619,65027178,15,15,1.0
2620,60829918,25,25,1.0
2621,60827928,34,32,0.9411764705882353
2622,61846618,44,42,0.9545454545454546
2623,61830598,34,34,1.0
2624,60822988,11,0,0.0
2625,61848398,26,26,1.0
2626,60827958,44,40,0.9090909090909091
2628,65052678,41,8,0.1951219512195122
2636,62015878,18,17,0.9444444444444444
2637,61876508,86,60,0.6976744186046512
2638,61859158,46,46,1.0
2640,69824798,3,3,1.0
2641,66061818,16,16,1.0
2642,60822728,3,3,1.0
2648,61833728,16,14,0.875
2653,66052218,8,8,1.0
2654,60816768,222,95,0.42792792792792794
2655,66069728,19,18,0.9473684210526315
2658,60815008,53,45,0.8490566037735849
2659,61804498,55,53,0.9636363636363636
2662,61806998,44,44,1.0
2664,60817198,56,56,1.0
2665,65059288,38,21,0.5526315789473685
2669,61807318,37,37,1.0
2671,61807488,34,34,1.0
2673,66090568,11,11,1.0
2674,65011738,13,12,0.9230769230769231
2680,63095598,11,7,0.6363636363636364
2681,91499798,32,13,0.40625
2682,63025208,27,27,1.0
2683,65016928,6,6,1.0
2685,66071268,2,2,1.0
2686,63000898,22,18,0.8181818181818182
2688,67029258,4,3,0.75
2689,65052768,25,24,0.96
2691,66071938,42,28,0.6666666666666666
2692,61810678,5,3,0.6
2693,63081998,15,12,0.8
2699,66081108,12,11,0.9166666666666666
2700,66052718,15,12,0.8
2707,61805828,6,6,1.0
2713,66077098,8,8,1.0
2714,65008878,4,3,0.75
2716,65082738,18,18,1.0
2718,60803878,32,32,1.0
2721,67006208,15,15,1.0
2722,63076738,16,16,1.0
2723,61859558,26,26,1.0
2724,65025018,24,24,1.0
2725,67006628,2,2,1.0
2726,67016918,3,2,0.6666666666666666
2727,67007968,12,12,1.0
2728,63022928,29,29,1.0
2729,67009198,10,10,1.0
2730,62092978,22,22,1.0
2731,61849858,69,65,0.9420289855072463
2732,66021628,39,37,0.9487179487179487
2733,66071518,15,15,1.0
2734,60017528,61,61,1.0
2735,62081028,63,60,0.9523809523809523
2736,69855618,38,32,0.8421052631578947
2737,65017298,20,10,0.5
2738,61870858,46,46,1.0
2739,61812188,34,34,1.0
2740,61860688,60,55,0.9166666666666666
2741,60817978,38,38,1.0
2743,61812088,53,53,1.0
2744,63071608,23,23,1.0
2745,61847398,46,46,1.0
2746,62079998,20,20,1.0
2747,62021628,28,28,1.0
2748,61861808,43,43,1.0
2749,69838258,32,32,1.0
2750,66075978,17,17,1.0
2751,61803008,61,61,1.0
2752,66069768,17,17,1.0
2753,67066138,0,0,
2754,67011608,6,6,1.0
2755,60821178,25,25,1.0
2756,61806228,58,58,1.0
2757,61807608,67,63,0.9402985074626866
2758,61866078,45,45,1.0
2759,67017538,3,3,1.0
2760,61811088,56,56,1.0
2761,61829888,34,34,1.0
2762,62080008,27,27,1.0
2763,60825528,34,34,1.0
2764,69862488,47,45,0.9574468085106383
2765,60821328,39,39,1.0
2766,60012218,43,41,0.9534883720930233
2767,67062708,2,2,1.0
2768,63091698,30,30,1.0
2769,65001678,27,26,0.9629629629629629
2770,67022598,5,5,1.0
2771,63089268,19,15,0.7894736842105263
2772,63077828,10,10,1.0
2773,61860258,50,47,0.94
2774,67010018,1,1,1.0
2775,67025238,4,3,0.75
2776,66028768,13,12,0.9230769230769231
2777,66078558,0,0,
2778,67025228,8,5,0.625
2779,60812618,31,31,1.0
2780,61825008,58,58,1.0
2781,60005558,27,25,0.9259259259259259
2782,62069768,22,21,0.9545454545454546
2783,60810078,35,35,1.0
2785,63090758,8,8,1.0
2786,67022828,4,4,1.0
2787,67018858,2,2,1.0
2788,67021608,1,1,1.0
2789,61373066,1,1,1.0
2797,65056198,31,31,1.0
2798,67001658,17,17,1.0
2799,65026808,19,19,1.0
2809,66070198,8,8,1.0
2810,65025208,15,15,1.0
2813,61832418,39,37,0.9487179487179487
2816,61834228,38,24,0.631578947368421
2818,61850668,76,74,0.9736842105263158
2827,65025758,19,19,1.0
2830,61825508,53,53,1.0
2834,69895718,64,64,1.0
2835,63019118,35,35,1.0
2836,61825518,65,65,1.0
2839,60830118,30,27,0.9
2843,65077238,42,34,0.8095238095238095
2845,66079758,12,4,0.3333333333333333
2848,66018078,3,3,1.0
2849,61829208,16,16,1.0
2852,61827218,49,49,1.0
2854,65072518,22,19,0.8636363636363636
2857,66029608,3,3,1.0
2862,67007178,5,5,1.0
2863,61821968,28,27,0.9642857142857143
2864,65075038,7,6,0.8571428571428571
2867,61890018,9,7,0.7777777777777778
2868,61835998,29,10,0.3448275862068966
2869,67055088,5,4,0.8
2870,61858018,36,31,0.8611111111111112
2876,67059888,5,4,0.8
2877,66061778,3,3,1.0
2879,65012538,20,20,1.0
2880,66070698,1,1,1.0
2886,66061728,4,4,1.0
2890,69852708,4,0,0.0
2892,67017078,9,9,1.0
2893,61889298,103,99,0.9611650485436893
2895,61822588,76,76,1.0
2896,67005088,6,0,0.0
2897,62089568,75,66,0.88
2898,61879178,26,26,1.0
2899,61827088,64,64,1.0
2900,60008718,29,27,0.9310344827586207
2901,67008038,0,0,
2902,61857928,55,52,0.9454545454545454
2904,61883428,47,47,1.0
2905,61830428,34,34,1.0
2906,67000118,25,25,1.0
2907,66019718,12,12,1.0
2908,65088638,30,30,1.0
2909,66079128,6,6,1.0
2911,65008938,42,42,1.0
2914,61889968,25,23,0.92
2915,69814328,16,16,1.0
2918,67029188,5,5,1.0
2920,66052578,4,3,0.75
2921,61842658,44,44,1.0
2922,65055138,11,10,0.9090909090909091
2923,65058628,28,27,0.9642857142857143
2924,66027768,4,3,0.75
2925,67810278,15,15,1.0
2926,65002908,35,35,1.0
2927,61813268,210,174,0.8285714285714286
2928,61876498,71,56,0.7887323943661971
2929,61892818,24,24,1.0
2930,67029118,10,5,0.5
2931,66085978,3,3,1.0
2932,61852888,48,48,1.0
2933,63021868,15,13,0.8666666666666667
2934,66051118,5,4,0.8
2935,63067968,12,10,0.8333333333333334
2936,67026568,9,9,1.0
2937,62071618,18,18,1.0
2938,60812978,43,42,0.9767441860465116
2939,67056838,1,1,1.0
2940,62091838,54,1,0.018518518518518517
2942,66078138,6,5,0.8333333333333334
2943,62092618,18,18,1.0
2946,61883668,33,30,0.9090909090909091
2948,67015298,9,9,1.0
2949,66086188,4,3,0.75
2951,66081578,9,7,0.7777777777777778
2955,66070968,5,5,1.0
2956,61899498,62,62,1.0
2957,62086958,57,57,1.0
2962,63067828,12,12,1.0
2963,61812618,36,36,1.0
2969,61827158,22,22,1.0
2970,69868088,19,14,0.7368421052631579
2973,66078898,24,24,1.0
2986,65017058,12,12,1.0
2988,63061878,59,39,0.6610169491525424
2991,65009058,17,17,1.0
2993,69885668,62,60,0.967741935483871
3001,69815368,10,10,1.0
3004,62087088,19,19,1.0
3005,62055798,9,9,1.0
3007,67818108,80,31,0.3875
3011,66021598,8,1,0.125
3012,63072678,9,8,0.8888888888888888
3018,65028078,37,33,0.8918918918918919
3021,62081228,27,25,0.9259259259259259
3022,63057058,58,55,0.9482758620689655
3023,63082678,13,6,0.46153846153846156
3024,61828988,76,73,0.9605263157894737
3026,65010228,28,27,0.9642857142857143
3027,67061288,4,3,0.75
3028,65060258,25,23,0.92
3029,65018598,7,5,0.7142857142857143
3031,67017268,15,15,1.0
3032,61825928,46,46,1.0
3033,69835268,42,42,1.0
3034,62088058,44,40,0.9090909090909091
3035,62052998,29,27,0.9310344827586207
3036,61897158,89,69,0.7752808988764045
3037,60016138,46,45,0.9782608695652174
3038,62080888,26,25,0.9615384615384616
3039,65018528,29,27,0.9310344827586207
3040,66029958,18,18,1.0
3041,66066188,74,42,0.5675675675675675
3042,67006658,8,8,1.0
3043,61823488,52,52,1.0
3044,65020528,13,1,0.07692307692307693
3045,61807958,106,89,0.839622641509434
3046,61812108,4,3,0.75
3047,67018218,4,4,1.0
3048,66098938,11,10,0.9090909090909091
3049,66068908,9,9,1.0
3050,62095508,38,38,1.0
3051,69834178,47,47,1.0
3052,67012108,13,13,1.0
3053,63066758,38,38,1.0
3054,66062288,14,14,1.0
3055,69825288,66,66,1.0
3056,65021868,13,13,1.0
3057,69824728,78,65,0.8333333333333334
3059,67055838,4,4,1.0
3068,61832398,52,52,1.0
3070,63099038,30,30,1.0
3074,65022268,16,3,0.1875
3079,60010718,6,6,1.0
3087,61823078,250,0,0.0
3089,66092058,2,2,1.0
3090,60800918,44,44,1.0
3091,69890108,9,9,1.0
3092,69884888,38,38,1.0
3093,59352575,7,4,0.5714285714285714
3094,66020678,26,26,1.0
3096,60016858,4,4,1.0
3097,66082298,5,5,1.0
3098,61846588,8,7,0.875
3099,66068018,5,5,1.0
3100,67002698,2,2,1.0
3101,65009168,28,27,0.9642857142857143
3102,67027298,3,3,1.0
3105,69860608,20,20,1.0
3106,67015978,0,0,
3111,61852318,16,16,1.0
3113,62076128,51,40,0.7843137254901961
3114,66075698,10,9,0.9
3115,62077178,35,1,0.02857142857142857
3116,63067628,66,64,0.9696969696969697
3117,65026868,50,48,0.96
3118,69874398,5,4,0.8
3119,63097858,4,3,0.75
3121,63068798,1,0,0.0
3122,63001178,14,14,1.0
3123,63080938,9,9,1.0
3124,60807968,7,2,0.2857142857142857
3125,65021708,4,4,1.0
3126,61824368,22,22,1.0
3127,67028608,1,1,1.0
3128,66018708,9,9,1.0
3129,63075858,27,0,0.0
3132,66072628,28,20,0.7142857142857143
3139,62099518,31,31,1.0
3140,62099628,20,20,1.0
3142,62097818,34,33,0.9705882352941176
3143,62098918,26,26,1.0
3146,63071768,7,6,0.8571428571428571
3147,62097178,7,2,0.2857142857142857
3151,69891988,16,16,1.0
3160,66051958,8,8,1.0
3161,67019698,0,0,
3162,63069628,12,0,0.0
3163,61885118,20,20,1.0
3164,63009628,29,25,0.8620689655172413
3165,63089858,40,37,0.925
3166,54458866,5,3,0.6
3167,60002738,25,25,1.0
3168,67057798,1,1,1.0
3169,66026818,75,0,0.0
3170,67817988,75,75,1.0
3172,66020658,13,13,1.0
3173,66081528,24,21,0.875
3174,67007198,5,5,1.0
3175,69801028,11,10,0.9090909090909091
3176,62022828,159,45,0.2830188679245283
3177,63081578,24,24,1.0
3178,61801658,188,18,0.09574468085106383
3179,69836128,3,2,0.6666666666666666
3185,67007268,0,0,
3201,61827128,28,28,1.0
3202,61826988,42,42,1.0
3203,61881898,23,23,1.0
3204,61845178,24,24,1.0
3205,61827108,20,20,1.0
3206,61869108,19,17,0.8947368421052632
3207,63000118,79,7,0.08860759493670886
3208,61820928,26,14,0.5384615384615384
3209,61830488,17,17,1.0
3210,66076708,27,20,0.7407407407407407
3212,61822768,25,25,1.0
3213,67009698,0,0,
3214,63080638,2,2,1.0
3215,61872828,52,45,0.8653846153846154
3216,62051618,66,42,0.6363636363636364
3217,61857878,22,21,0.9545454545454546
3218,63076178,2,1,0.5
3219,69820808,14,14,1.0
3220,60821458,27,23,0.8518518518518519
3221,63021658,23,21,0.9130434782608695
3222,60010518,16,15,0.9375
3223,65025858,22,22,1.0
3224,67018158,0,0,
3226,61825998,22,22,1.0
3238,66099168,45,1,0.022222222222222223
3239,67000298,36,1,0.027777777777777776
3248,66069868,8,8,1.0
3249,65020898,2,1,0.5
3250,69860618,27,25,0.9259259259259259
3251,62061678,26,6,0.23076923076923078
3252,67012898,14,12,0.8571428571428571
3253,62082808,25,23,0.92
3254,61829428,51,11,0.21568627450980393
3255,67002678,7,7,1.0
3256,67017558,4,3,0.75
3257,60012108,61,23,0.3770491803278688
3258,69869688,54,54,1.0
3259,67017068,6,6,1.0
3261,61828598,30,30,1.0
3262,66051838,3,2,0.6666666666666666
3263,61855468,31,28,0.9032258064516129
3266,69884518,69,18,0.2608695652173913
3269,66079778,3,3,1.0
3270,60821958,13,13,1.0
3271,60016668,39,27,0.6923076923076923
3272,63091508,21,21,1.0
3273,66025268,22,14,0.6363636363636364
3274,61812558,1,0,0.0
3275,60801868,4,1,0.25
3277,67812398,102,4,0.0392156862745098
3280,61841308,9,1,0.1111111111111111
3282,69871508,4,1,0.25
3292,61829198,47,43,0.9148936170212766
3293,61810618,46,44,0.9565217391304348
3294,61860298,64,64,1.0
3295,61812478,48,48,1.0
3296,61849028,61,61,1.0
3297,65021068,11,10,0.9090909090909091
3298,69895618,17,17,1.0
3299,69851718,7,7,1.0
3300,62072788,91,2,0.02197802197802198
3301,69857778,6,6,1.0
3302,67027568,0,0,
3303,69884998,0,0,
3304,66077908,2,1,0.5
3305,66088578,9,9,1.0
3306,66092508,7,6,0.8571428571428571
3307,61860188,24,24,1.0
3309,69869078,0,0,
3310,61812678,16,6,0.375
3312,61825078,78,62,0.7948717948717948
3314,67029998,0,0,
3318,61872658,68,1,0.014705882352941176
3322,66894008,13,13,1.0
3331,69834528,41,39,0.9512195121951219
3335,60000888,37,34,0.918918918918919
3336,20429012,31,19,0.6129032258064516
3338,61884368,4,4,1.0
3344,66052018,0,0,
3347,66062098,3,3,1.0
3348,61861388,25,25,1.0
3349,65010208,8,8,1.0
3350,61841868,15,15,1.0
3351,60814858,25,25,1.0
3353,69823068,15,13,0.8666666666666667
3354,69845618,4,4,1.0
3355,60806478,146,5,0.03424657534246575
3356,66077598,6,6,1.0
3357,66091908,10,10,1.0
3358,63062038,41,40,0.975609756097561
3359,65018868,7,5,0.7142857142857143
3360,66096678,4,4,1.0
3361,66080278,5,5,1.0
3362,69821378,17,14,0.8235294117647058
3363,66062168,1,0,0.0
3364,61825458,14,14,1.0
3365,61824728,19,19,1.0
3366,66077028,2,2,1.0
3370,88888881,542,12,0.02214022140221402
3371,65027578,8,8,1.0
3375,69802208,18,13,0.7222222222222222
3381,65026958,5,5,1.0
3390,65005688,21,15,0.7142857142857143
3394,65008968,18,12,0.6666666666666666
3395,66017908,15,15,1.0
3399,62099508,39,33,0.8461538461538461
3405,60829828,20,3,0.15
3406,68841368,65,31,0.47692307692307695
3407,65009118,6,6,1.0
3408,67055108,1,1,1.0
3409,61812258,246,49,0.1991869918699187
3410,69857108,26,26,1.0
3411,63060268,40,40,1.0
3412,69852128,29,28,0.9655172413793104
3413,61884908,40,39,0.975
3414,66077818,6,6,1.0
3415,67008108,8,8,1.0
3416,61868068,44,44,1.0
3417,67853118,123,62,0.5040650406504065
3418,63061208,6,3,0.5
3419,61841798,58,58,1.0
3420,66086788,16,0,0.0
3421,61844628,59,59,1.0
3422,61841828,43,43,1.0
3423,61813188,88,72,0.8181818181818182
3424,66095818,12,12,1.0
3425,61805818,59,24,0.4067796610169492
3427,67026298,3,2,0.6666666666666666
3429,66086638,12,9,0.75
3442,61845868,2,2,1.0
3446,66029018,15,15,1.0
3447,69810688,39,39,1.0
3448,67009188,2,1,0.5
3454,61854758,24,24,1.0
3455,60012758,0,0,
3457,69849428,6,6,1.0
3460,61893858,10,10,1.0
3462,63098188,50,31,0.62
3463,68842078,50,50,1.0
3464,66062128,13,13,1.0
3468,61864298,6,6,1.0
3473,69884688,2,2,1.0
3477,69850418,16,16,1.0
3484,67020728,2,2,1.0
3485,61842728,49,49,1.0
3486,66097508,13,2,0.15384615384615385
3487,66069918,19,19,1.0
3488,66022588,6,6,1.0
3489,62088638,40,40,1.0
3490,61891168,25,25,1.0
3492,61842428,34,34,1.0
3493,67006608,4,4,1.0
3496,69842428,8,7,0.875
3497,66098858,17,17,1.0
3498,65022178,15,14,0.9333333333333333
3502,68842898,80,80,1.0
3504,65020138,15,15,1.0
3505,66072638,5,5,1.0
3506,61856698,54,54,1.0
3507,66028238,9,7,0.7777777777777778
3508,66079108,8,8,1.0
3509,66081168,13,13,1.0
3510,60821268,35,34,0.9714285714285714
3511,66052978,6,6,1.0
3512,69887898,2,0,0.0
3513,62082588,26,25,0.9615384615384616
3514,61859888,50,48,0.96
3515,61891718,66,65,0.9848484848484849
3516,61882088,3,3,1.0
3517,62090658,39,30,0.7692307692307693
3518,61842208,42,42,1.0
3519,63002558,34,34,1.0
3520,62099018,16,13,0.8125
3521,66088098,11,11,1.0
3522,65060718,22,21,0.9545454545454546
3523,61846688,41,41,1.0
3524,60815388,58,58,1.0
3525,69848828,1,1,1.0
3526,61860398,36,36,1.0
3527,61822628,100,100,1.0
3528,65021898,58,58,1.0
3529,63081818,39,38,0.9743589743589743
3530,61876568,46,19,0.41304347826086957
3531,61852688,28,27,0.9642857142857143
3532,65010178,17,17,1.0
3533,67016078,15,15,1.0
3534,66078258,10,10,1.0
3535,62082598,66,62,0.9393939393939394
3536,69836668,44,41,0.9318181818181818
3537,61820858,101,98,0.9702970297029703
3538,61821028,110,109,0.990909090909091
3540,67007058,11,11,1.0
3542,66081658,12,12,1.0
3543,67029208,0,0,
3544,61854198,7,7,1.0
3547,67025098,7,7,1.0
3550,69814378,21,21,1.0
3552,69826618,19,19,1.0
3553,61852588,2,2,1.0
3554,69868398,8,7,0.875
3562,63092858,8,8,1.0
3565,66020968,28,28,1.0
3568,61868768,91,67,0.7362637362637363
3569,61832928,35,34,0.9714285714285714
3570,62076558,26,26,1.0
3574,62087638,19,19,1.0
3575,69829188,14,14,1.0
3576,60087508,3,3,1.0
3577,68842028,30,30,1.0
3578,69823598,32,32,1.0
3579,60817818,30,30,1.0
3580,60820408,14,14,1.0
3581,61867068,20,20,1.0
3582,63069638,17,17,1.0
3583,62092868,14,0,0.0
3584,63089798,87,0,0.0
3585,61870798,21,21,1.0
3586,65007108,28,25,0.8928571428571429
3587,61870668,21,21,1.0
3588,61803878,134,122,0.9104477611940298
3590,67018778,13,13,1.0
3591,66072718,5,5,1.0
3592,65052728,9,9,1.0
3593,66075118,17,17,1.0
3594,62097778,47,45,0.9574468085106383
3595,61848168,36,4,0.1111111111111111
3596,69810108,34,34,1.0
3597,69810398,32,30,0.9375
3598,66018818,6,6,1.0
3599,61828298,56,54,0.9642857142857143
3600,69873618,27,24,0.8888888888888888
3602,62082968,26,26,1.0
3603,63068958,24,17,0.7083333333333334
3607,66025008,10,9,0.9
3608,60018018,31,24,0.7741935483870968
3614,63089168,13,12,0.9230769230769231
3616,65009838,28,24,0.8571428571428571
3618,61855508,10,10,1.0
3619,60818918,11,11,1.0
3620,61857918,6,6,1.0
3621,67026218,4,3,0.75
3627,66893278,277,9,0.032490974729241874
3628,69825698,22,22,1.0
3629,62079528,29,29,1.0
3630,66095888,11,0,0.0
3631,66099018,2,2,1.0
3632,68839918,41,34,0.8292682926829268
3633,63082738,44,44,1.0
3634,61808878,30,27,0.9
3635,66068038,3,3,1.0
3636,61808898,31,29,0.9354838709677419
3637,61832108,35,35,1.0
3638,66076088,3,3,1.0
3639,63000268,5,4,0.8
3640,67002918,7,7,1.0
3641,61846958,34,32,0.9411764705882353
3642,63020998,60,55,0.9166666666666666
3643,61876268,18,18,1.0
3644,61807498,50,48,0.96
3645,63016188,26,25,0.9615384615384616
3651,63091198,4,3,0.75
3652,61887408,14,8,0.5714285714285714
3653,65060738,7,6,0.8571428571428571
3654,66069288,10,10,1.0
3655,66072588,1,1,1.0
3664,69887058,165,0,0.0
3672,62016668,30,30,1.0
3674,65018118,8,3,0.375
3675,67012238,2,2,1.0
3676,60001808,26,25,0.9615384615384616
3677,60018798,1,1,1.0
3678,67007068,4,1,0.25
3679,61840228,69,68,0.9855072463768116
3680,61884088,47,47,1.0
3681,19880818,15,2,0.13333333333333333
3682,67010658,2,2,1.0
3683,66061888,16,16,1.0
3684,66025558,30,30,1.0
3685,62096738,12,12,1.0
3686,69814678,34,34,1.0
3687,69814368,18,18,1.0
3688,69836208,59,58,0.9830508474576272
3689,61833278,70,66,0.9428571428571428
3691,69868458,20,19,0.95
3692,67015188,0,0,
3699,63010038,16,16,1.0
3700,62081598,29,28,0.9655172413793104
3707,69878868,46,45,0.9782608695652174
3715,62071758,22,20,0.9090909090909091
3716,69827318,3,3,1.0
3717,61888988,39,39,1.0
3718,69827288,65,64,0.9846153846153847
3719,60814198,48,40,0.8333333333333334
3720,66080828,15,15,1.0
3721,61832728,80,80,1.0
3722,61825808,69,69,1.0
3723,61833388,90,90,1.0
3724,60830568,39,39,1.0
3725,61829708,19,18,0.9473684210526315
3726,61853558,44,44,1.0
3727,65089728,9,9,1.0
3728,68844958,18,18,1.0
3729,66067168,18,13,0.7222222222222222
3730,61830758,26,25,0.9615384615384616
3731,66075638,1,0,0.0
3732,69898788,11,11,1.0
3733,69827218,21,21,1.0
3734,65029018,15,15,1.0
3735,66095138,55,16,0.2909090909090909
3740,69824958,49,46,0.9387755102040817
3750,65055158,16,14,0.875
3752,60827418,16,14,0.875
3763,63025018,15,15,1.0
3764,60826458,1,1,1.0
3765,60810398,31,30,0.967741935483871
3766,62096698,17,15,0.8823529411764706
3767,69870718,27,27,1.0
3768,66097108,13,12,0.9230769230769231
3769,66098598,6,5,0.8333333333333334
3770,67018618,7,7,1.0
3771,62096028,37,34,0.918918918918919
3772,60005158,14,14,1.0
3773,66097298,3,3,1.0
3774,61824908,43,43,1.0
3775,63079838,27,24,0.8888888888888888
3776,69887798,67,65,0.9701492537313433
3777,68843498,29,27,0.9310344827586207
3778,67005758,5,5,1.0
3779,67017028,7,7,1.0
3780,61820428,16,7,0.4375
3781,68845168,42,29,0.6904761904761905
3782,62072868,33,32,0.9696969696969697
3783,69810898,6,6,1.0
3784,61825968,36,36,1.0
3785,66018238,39,39,1.0
3786,60818758,35,34,0.9714285714285714
3792,65089158,37,26,0.7027027027027027
3798,66066178,15,11,0.7333333333333333
3799,61805328,92,86,0.9347826086956522
3800,63002758,6,0,0.0
3803,62088208,16,7,0.4375
3804,66051768,22,22,1.0
3805,63087188,15,14,0.9333333333333333
3806,69863388,42,42,1.0
3807,66051258,22,22,1.0
3808,62085868,11,11,1.0
3809,67018598,13,13,1.0
3810,61829398,5,0,0.0
3811,63085228,29,21,0.7241379310344828
3812,61885478,5,2,0.4
3813,61851128,23,23,1.0
3814,63018938,27,27,1.0
3815,66068518,28,23,0.8214285714285714
3816,63000638,45,43,0.9555555555555556
3817,67022728,1,0,0.0
3818,61853858,23,23,1.0
3819,61824018,169,4,0.023668639053254437
3820,67012998,2,2,1.0
3821,61831808,53,51,0.9622641509433962
3822,60878568,147,17,0.11564625850340136
3823,66077658,5,3,0.6
3824,66088788,8,5,0.625
3825,63015078,19,19,1.0
3826,65018238,10,7,0.7
3829,61843968,19,19,1.0
3830,66019638,8,7,0.875
3831,61831568,25,23,0.92
3839,65057258,23,23,1.0
3841,61881878,62,62,1.0
3844,67026628,0,0,
3851,61802688,39,32,0.8205128205128205
3854,66069738,20,15,0.75
3855,67016128,0,0,
3856,69867798,15,15,1.0
3857,60821928,63,60,0.9523809523809523
3858,61815588,5,0,0.0
3859,67025278,5,5,1.0
3860,69831178,18,18,1.0
3861,93287320,10,1,0.1
3868,66066558,3,3,1.0
3872,60824118,37,36,0.972972972972973
3873,60819958,43,43,1.0
3874,67007978,8,8,1.0
3875,66095658,13,13,1.0
3876,60819568,52,49,0.9423076923076923
3877,66894398,28,14,0.5
3878,61846568,43,43,1.0
3879,66077978,17,16,0.9411764705882353
3880,67016228,10,10,1.0
3882,61816928,61,35,0.5737704918032787
3883,61847678,41,39,0.9512195121951219
3884,63085058,31,31,1.0
3885,63071228,15,15,1.0
3886,62087768,3,3,1.0
3887,60824758,10,7,0.7
3888,61892068,9,4,0.4444444444444444
3890,62070158,19,1,0.05263157894736842
3892,69862868,14,14,1.0
3893,66028178,242,0,0.0
3894,69828588,150,17,0.11333333333333333
3896,67005278,18,17,0.9444444444444444
3904,60801108,52,51,0.9807692307692307
3910,69895898,37,37,1.0
3916,60010288,51,48,0.9411764705882353
3917,63092738,21,21,1.0
3918,66028678,12,12,1.0
3919,63001638,134,24,0.1791044776119403
3921,69878718,8,8,1.0
3926,66017988,4,3,0.75
3928,65000628,38,38,1.0
3931,61865108,35,35,1.0
3932,62088708,18,18,1.0
3933,65055018,13,12,0.9230769230769231
3934,67015998,2,2,1.0
3935,62089138,14,14,1.0
3936,63007888,12,12,1.0
3937,61840208,43,43,1.0
3938,69896968,6,4,0.6666666666666666
3940,67020968,0,0,
3941,62077728,21,20,0.9523809523809523
3942,63079928,23,19,0.8260869565217391
3944,61841598,48,21,0.4375
3966,61876418,37,37,1.0
3967,66097218,18,10,0.5555555555555556
3968,69853518,37,37,1.0
3973,66075818,17,17,1.0
3978,65022968,35,29,0.8285714285714286
3979,61832918,22,19,0.8636363636363636
3982,11351356,8,0,0.0
3984,63000088,12,12,1.0
3988,67012668,5,5,1.0
3989,69829558,10,10,1.0
3991,65022938,17,17,1.0
3993,61850278,20,12,0.6
3994,61803058,44,41,0.9318181818181818
3995,61831658,78,76,0.9743589743589743
3996,63061828,17,8,0.47058823529411764
3997,62099528,27,27,1.0
3998,61898778,3,1,0.3333333333333333
3999,61899398,9,9,1.0
4000,65017558,7,5,0.7142857142857143
4006,61855878,52,49,0.9423076923076923
4011,65005098,13,13,1.0
4013,60821198,37,37,1.0
4016,65010928,64,56,0.875
4021,68831328,49,49,1.0
4024,63088578,19,18,0.9473684210526315
4026,66072988,15,15,1.0
4034,11886666,13,12,0.9230769230769231
4039,61893058,13,13,1.0
4040,69810578,15,13,0.8666666666666667
4041,66068588,15,11,0.7333333333333333
4042,60800958,5,5,1.0
4043,60816098,6,6,1.0
4044,65058728,11,10,0.9090909090909091
4045,61851798,11,10,0.9090909090909091
4046,66089678,3,1,0.3333333333333333
4047,61889728,15,14,0.9333333333333333
4048,61852568,36,34,0.9444444444444444
4049,67809698,11,1,0.09090909090909091
4050,67006228,2,2,1.0
4051,65010828,11,11,1.0
4056,66072958,32,31,0.96875
4057,61825618,27,27,1.0
4063,61820558,61,61,1.0
4068,66099928,1,0,0.0
4070,61800198,49,30,0.6122448979591837
4084,68842218,16,8,0.5
4085,66085038,4,4,1.0
4086,69828528,10,10,1.0
4087,61833528,11,11,1.0
4088,62077288,33,33,1.0
4089,62077588,48,23,0.4791666666666667
4090,63025528,55,20,0.36363636363636365
4091,61893678,2,0,0.0
4092,69851608,7,7,1.0
4093,63086218,35,2,0.05714285714285714
4094,61895608,69,69,1.0
4095,66091098,20,0,0.0
4096,36393828,18,17,0.9444444444444444
4097,60018568,1,1,1.0
4098,62021108,3,3,1.0
4099,63062808,23,18,0.782608695652174
4100,63079968,18,17,0.9444444444444444
4101,66099758,6,6,1.0
4102,67011858,4,4,1.0
4103,63086618,16,16,1.0
4104,61826678,132,111,0.8409090909090909
4105,61839788,2,1,0.5
4106,66021228,4,1,0.25
4108,69828858,15,15,1.0
4110,66020128,16,16,1.0
4111,66096858,29,29,1.0
4112,66068158,2,2,1.0
4116,69828458,14,14,1.0
4118,69836968,18,18,1.0
4120,65002708,14,14,1.0
4121,69813598,11,11,1.0
4122,66080038,50,8,0.16
4124,61880468,60,60,1.0
4134,60822818,18,17,0.9444444444444444
4135,66019708,39,38,0.9743589743589743
4136,61836468,7,6,0.8571428571428571
4137,63019518,16,15,0.9375
4138,61820368,45,44,0.9777777777777777
4139,69814888,7,0,0.0
4141,69878898,25,25,1.0
4142,68843398,31,31,1.0
4143,61875058,0,0,
4145,65016858,29,28,0.9655172413793104
4148,66892788,38,33,0.868421052631579
4149,61886298,19,19,1.0
4150,66066628,21,21,1.0
4151,67010968,0,0,
4152,62095988,45,44,0.9777777777777777
4153,69833308,13,13,1.0
4156,66050638,33,30,0.9090909090909091
4165,65010188,32,32,1.0
4183,66022288,1,1,1.0
4184,61849058,55,51,0.9272727272727272
4185,61875978,78,78,1.0
4186,61874568,51,51,1.0
4187,61857388,49,48,0.9795918367346939
4188,61805518,32,32,1.0
4189,61831228,40,39,0.975
4190,60805788,34,34,1.0
4191,66066138,15,14,0.9333333333333333
4192,63052838,10,10,1.0
4193,61810978,45,45,1.0
4194,61801758,19,19,1.0
4195,67000708,1,1,1.0
4196,61836428,57,57,1.0
4197,65018608,4,3,0.75
4201,63017078,27,27,1.0
4203,65026928,41,36,0.8780487804878049
4205,61847498,66,66,1.0
4212,69872998,16,16,1.0
4213,66082978,35,33,0.9428571428571428
4218,61853258,19,19,1.0
4219,65021278,16,15,0.9375
4220,61841818,9,8,0.8888888888888888
4221,67005678,7,6,0.8571428571428571
4222,66050528,11,11,1.0
4224,60830498,12,12,1.0
4225,61852068,18,18,1.0
4226,61853288,21,21,1.0
4227,60823128,66,63,0.9545454545454546
4228,62087028,24,24,1.0
4229,61804098,16,15,0.9375
4230,66085008,34,17,0.5
4231,61805078,40,40,1.0
4232,61853268,20,20,1.0
4233,61804858,52,52,1.0
4234,67002688,6,5,0.8333333333333334
4235,61845988,71,71,1.0
4236,69810718,46,41,0.8913043478260869
4237,60000838,22,22,1.0
4238,66091958,12,12,1.0
4239,66077038,23,12,0.5217391304347826
4240,61857218,50,49,0.98
4241,61860988,26,26,1.0
4243,61843098,69,69,1.0
4244,62070518,31,29,0.9354838709677419
4245,61857018,11,11,1.0
4246,66078788,20,20,1.0
4247,60826728,61,59,0.9672131147540983
4248,66080168,22,18,0.8181818181818182
4249,62066118,21,12,0.5714285714285714
4250,69853688,1,1,1.0
4251,65056708,1,0,0.0
4252,62880868,2,2,1.0
4253,65027098,14,13,0.9285714285714286
4254,61805408,9,9,1.0
4255,61879618,37,36,0.972972972972973
4256,63057018,6,4,0.6666666666666666
4257,69833218,30,30,1.0
4258,62086678,0,0,
4259,61823328,61,43,0.7049180327868853
4266,65026908,3,1,0.3333333333333333
4267,65897368,21,15,0.7142857142857143
4276,61840998,45,45,1.0
4277,60821588,24,21,0.875
4290,12260609,33,5,0.15151515151515152
4298,60006538,35,34,0.9714285714285714
4299,62060558,28,20,0.7142857142857143
4300,61829278,45,44,0.9777777777777777
4301,69845988,5,5,1.0
4302,62096628,5,5,1.0
4303,65010798,18,18,1.0
4304,63026018,44,44,1.0
4305,65029758,25,23,0.92
4306,60816178,16,16,1.0
4307,61847768,32,26,0.8125
4308,61888088,20,17,0.85
4309,61836458,70,67,0.9571428571428572
4310,60820068,23,23,1.0
4311,66095768,1,1,1.0
4312,60823168,18,18,1.0
4313,67001968,5,5,1.0
4314,67000608,1,1,1.0
4315,62006288,4,4,1.0
4316,61860068,10,10,1.0
4325,66076988,13,11,0.8461538461538461
4334,66071868,0,0,
4335,66080258,11,11,1.0
4338,69836908,14,13,0.9285714285714286
4342,61846898,66,64,0.9696969696969697
4343,69889468,4,3,0.75
4355,61828308,49,48,0.9795918367346939
4356,67011178,5,5,1.0
4357,61859588,38,38,1.0
4358,69895728,41,39,0.9512195121951219
4359,62092828,32,32,1.0
4360,66027168,18,18,1.0
4361,66026598,16,16,1.0
4362,61858278,13,13,1.0
4363,62082778,23,20,0.8695652173913043
4364,65052638,16,16,1.0
4365,60801508,16,16,1.0
4366,65011578,26,22,0.8461538461538461
4367,61888878,32,32,1.0
4368,61814188,59,17,0.288135593220339
4369,62018198,26,9,0.34615384615384615
4370,65056728,4,3,0.75
4371,67012538,0,0,
4372,61884308,30,27,0.9
4373,61850608,55,51,0.9272727272727272
4374,61852408,21,21,1.0
4376,61888278,51,51,1.0
4386,62089688,46,26,0.5652173913043478
4397,66096058,0,0,
4398,67854928,35,31,0.8857142857142857
4411,69844118,42,27,0.6428571428571429
4414,67001128,12,12,1.0
4415,65027298,29,29,1.0
4416,69842208,6,6,1.0
4417,65026898,19,19,1.0
4418,60801488,8,8,1.0
4419,61858758,26,8,0.3076923076923077
4420,63066598,17,16,0.9411764705882353
4421,62076918,5,5,1.0
4422,66008688,55,55,1.0
4423,66029008,30,30,1.0
4424,66050278,36,34,0.9444444444444444
4425,61849378,64,55,0.859375
4426,60817868,52,51,0.9807692307692307
4427,62099568,5,5,1.0
4428,61856228,7,7,1.0
4429,66087298,13,12,0.9230769230769231
4430,65052918,1,0,0.0
4432,61890478,49,36,0.7346938775510204
4434,60827488,29,27,0.9310344827586207
4438,63018958,12,12,1.0
4439,69877818,14,14,1.0
4440,69852068,13,4,0.3076923076923077
4449,65011128,6,6,1.0
4453,66027058,9,5,0.5555555555555556
4454,66026558,8,8,1.0
4466,61870558,15,9,0.6
4468,61823528,50,49,0.98
4469,60005018,15,15,1.0
4470,63099538,8,8,1.0
4471,61859408,82,82,1.0
4472,60818388,14,14,1.0
4474,65026068,7,7,1.0
4475,66070298,12,12,1.0
4476,62085918,45,45,1.0
4477,61820108,97,96,0.9896907216494846
4478,63022618,145,29,0.2
4479,69878118,46,46,1.0
4480,66029288,2,2,1.0
4481,61825588,61,58,0.9508196721311475
4482,61878298,37,36,0.972972972972973
4483,62055708,8,8,1.0
4484,60001678,26,26,1.0
4485,63096168,3,3,1.0
4486,61826588,59,59,1.0
4487,61852098,55,55,1.0
4488,62051238,11,11,1.0
4489,63062868,67,64,0.9552238805970149
4494,66017208,4,4,1.0
4499,66069278,9,9,1.0
4506,69837288,38,36,0.9473684210526315
4508,63077138,35,32,0.9142857142857143
4509,62077198,33,30,0.9090909090909091
4512,63001018,17,17,1.0
4514,69866508,48,47,0.9791666666666666
4526,63086298,12,11,0.9166666666666666
4535,61878508,30,29,0.9666666666666667
4536,61844618,32,31,0.96875
4537,61828178,25,25,1.0
4538,61828518,77,56,0.7272727272727273
4539,62080528,68,65,0.9558823529411765
4540,65029898,18,18,1.0
4541,61835378,39,37,0.9487179487179487
4542,66080958,0,0,
4543,61840028,19,17,0.8947368421052632
4544,60815228,1,1,1.0
4545,61825868,58,58,1.0
4546,65020258,8,6,0.75
4547,69895628,26,26,1.0
4548,66060728,32,26,0.8125
4549,65018638,17,16,0.9411764705882353
4550,63077178,12,12,1.0
4551,69850428,5,5,1.0
4552,67008858,3,3,1.0
4553,65029268,16,16,1.0
4554,61865188,8,6,0.75
4555,65002878,3,1,0.3333333333333333
4556,61849518,38,38,1.0
4557,63095638,0,0,
4571,65017288,13,12,0.9230769230769231
4572,65082258,27,27,1.0
4573,69896658,48,45,0.9375
4574,66021788,10,10,1.0
4575,65058968,25,25,1.0
4577,65075728,22,22,1.0
4579,65056518,3,2,0.6666666666666666
4582,66091108,22,22,1.0
4587,66075228,4,4,1.0
4588,65011508,22,19,0.8636363636363636
4590,62021138,2,2,1.0
4591,60813408,42,42,1.0
4592,62097688,16,13,0.8125
4593,63098198,19,19,1.0
4594,62067508,10,10,1.0
4595,61802878,33,33,1.0
4597,65001858,33,12,0.36363636363636365
4598,61858718,66,65,0.9848484848484849
4599,69885298,34,34,1.0
4600,61828108,35,35,1.0
4601,61830558,36,35,0.9722222222222222
4602,63089518,31,30,0.967741935483871
4603,60815078,21,21,1.0
4604,69885328,11,9,0.8181818181818182
4605,61873468,53,51,0.9622641509433962
4607,61821368,25,23,0.92
4612,61851528,113,36,0.3185840707964602
4615,63071918,20,10,0.5
4619,69830188,72,21,0.2916666666666667
4620,62088818,43,41,0.9534883720930233
4629,60005078,25,25,1.0
4635,61859808,52,51,0.9807692307692307
4636,61862008,0,0,
4637,69873628,17,17,1.0
4638,67006218,13,13,1.0
4639,63095268,16,16,1.0
4640,60824968,14,14,1.0
4641,66080668,7,6,0.8571428571428571
4642,61871668,1,1,1.0
4643,61876818,38,38,1.0
4644,66018778,25,25,1.0
4645,65028108,20,20,1.0
4646,63075598,12,12,1.0
4647,63055098,17,17,1.0
4648,66067668,20,19,0.95
4649,63057808,12,12,1.0
4650,65010218,20,8,0.4
4651,61871328,50,26,0.52
4652,66097078,40,36,0.9
4653,66021278,12,12,1.0
4654,61848698,16,16,1.0
4655,63015618,23,23,1.0
4656,63065598,5,5,1.0
4657,65012138,17,17,1.0
4658,61874708,24,17,0.7083333333333334
4666,66068178,14,14,1.0
4667,62092658,28,28,1.0
4670,63082608,25,20,0.8
4671,61847878,0,0,
4672,65057298,33,30,0.9090909090909091
4673,62072578,48,48,1.0
4674,67000228,4,4,1.0
4675,61840198,8,8,1.0
4676,66097038,2,2,1.0
4677,63085128,18,12,0.6666666666666666
4678,66065208,1,0,0.0
4679,61805768,41,41,1.0
4680,69895688,23,22,0.9565217391304348
4681,61852658,20,10,0.5
4682,66076118,1,1,1.0
4685,61847428,173,17,0.09826589595375723
4691,65009998,46,45,0.9782608695652174
4704,66017638,26,26,1.0
4706,61879268,13,13,1.0
4707,65026008,32,32,1.0
4708,66058078,6,6,1.0
4709,61858358,56,56,1.0
4710,63098778,18,13,0.7222222222222222
4711,61806908,191,57,0.29842931937172773
4712,61829228,47,8,0.1702127659574468
4713,63069938,30,30,1.0
4714,61895368,27,27,1.0
4715,61847168,61,35,0.5737704918032787
4716,66021178,30,23,0.7666666666666667
4717,67809918,4,1,0.25
4718,60807718,21,21,1.0
4722,66082628,4,4,1.0
4724,62087038,22,22,1.0
4725,60010538,26,26,1.0
4729,61817698,109,47,0.43119266055045874
4736,67809158,2,2,1.0
4737,65058018,27,27,1.0
4738,61849118,50,48,0.96
4739,61889758,1,1,1.0
4740,69856158,64,64,1.0
4741,63002618,23,17,0.7391304347826086
4742,62092798,34,32,0.9411764705882353
4743,65009518,1,0,0.0
4744,69873808,41,41,1.0
4745,66026688,6,6,1.0
4746,67810758,3,3,1.0
4747,66067658,60,1,0.016666666666666666
4748,61802508,2,0,0.0
4750,62081668,19,16,0.8421052631578947
4751,65059268,3,3,1.0
4752,69898728,24,24,1.0
4754,66009588,15,15,1.0
4761,69872778,18,18,1.0
4762,61840808,17,16,0.9411764705882353
4764,61858008,18,18,1.0
4765,61800088,7,1,0.14285714285714285
4766,66079918,4,4,1.0
4767,65028058,26,26,1.0
4768,65018168,46,46,1.0
4773,63095198,1,0,0.0
4774,66028828,13,12,0.9230769230769231
4775,63092688,1,1,1.0
4777,65026998,6,1,0.16666666666666666
4784,61896298,2,2,1.0
4785,60823598,4,3,0.75
4787,66077768,4,4,1.0
4788,60822758,33,1,0.030303030303030304
4789,65009958,7,7,1.0
4790,62011088,19,17,0.8947368421052632
4791,65016228,11,11,1.0
4792,61873258,56,1,0.017857142857142856
4793,63002168,15,0,0.0
4794,61802168,3,0,0.0
4796,60819778,36,35,0.9722222222222222
4799,66079258,12,11,0.9166666666666666
4801,65005088,34,34,1.0
4802,63096568,17,17,1.0
4804,61833978,11,11,1.0
4805,60012968,32,32,1.0
4806,69836808,37,37,1.0
4807,67812568,21,9,0.42857142857142855
4808,69809398,30,29,0.9666666666666667
4809,60002758,10,10,1.0
4810,61870618,8,8,1.0
4811,61825818,16,8,0.5
4812,63088918,0,0,
4813,60803618,31,29,0.9354838709677419
4815,69845278,11,2,0.18181818181818182
4818,77661168,19,18,0.9473684210526315
4821,61831398,39,38,0.9743589743589743
4822,67821988,14,14,1.0
4823,69893178,4,4,1.0
4824,63079818,26,26,1.0
4825,63090258,21,21,1.0
4826,62050038,32,28,0.875
4827,61812928,51,51,1.0
4831,65009728,18,12,0.6666666666666666
4832,65025718,2,2,1.0
4833,63085788,5,5,1.0
4834,66099938,25,25,1.0
4835,66070518,1,1,1.0
4836,61822128,51,51,1.0
4837,61812528,50,50,1.0
4838,61821528,59,59,1.0
4839,61804368,25,25,1.0
4841,69868828,57,41,0.7192982456140351
4851,60018028,26,26,1.0
4852,60824628,33,33,1.0
4854,61850628,214,0,0.0
4855,63060688,25,25,1.0
4856,67810418,16,16,1.0
4857,66080188,5,5,1.0
4858,69869198,2,1,0.5
4861,60815888,48,48,1.0
4862,62097158,25,13,0.52
4863,60015158,28,18,0.6428571428571429
4864,69816998,12,5,0.4166666666666667
4865,66072528,22,20,0.9090909090909091
4867,61833928,175,4,0.022857142857142857
4869,63012718,23,23,1.0
4870,61805758,29,18,0.6206896551724138
4872,67813718,38,38,1.0
4873,60828328,36,36,1.0
4874,60026008,20,20,1.0
4881,62087058,9,8,0.8888888888888888
4882,61806718,33,33,1.0
4885,61807728,29,29,1.0
4886,61875998,12,12,1.0
4887,61874978,26,21,0.8076923076923077
4888,66077738,0,0,
4889,69871518,19,15,0.7894736842105263
4890,61803488,21,17,0.8095238095238095
4891,61804508,30,30,1.0
4892,61806678,24,23,0.9583333333333334
4893,60000928,44,41,0.9318181818181818
4895,63061138,30,30,1.0
4896,61842618,116,18,0.15517241379310345
4897,66019518,4,1,0.25
4898,60000138,28,28,1.0
4901,66018868,20,20,1.0
4903,69814428,43,43,1.0
4908,63060108,23,19,0.8260869565217391
4909,61892358,51,49,0.9607843137254902
4910,60826128,43,29,0.6744186046511628
4912,69891618,60,60,1.0
4918,61847118,20,20,1.0
4919,61853108,12,11,0.9166666666666666
4920,63019028,60,8,0.13333333333333333
4921,61845778,18,6,0.3333333333333333
4922,61806398,24,24,1.0
4923,68844418,3,3,1.0
4924,66894418,40,36,0.9
4925,63078708,95,38,0.4
4926,65089028,1,1,1.0
4927,69824058,42,42,1.0
4928,61853278,64,4,0.0625
4930,65055058,43,43,1.0
4931,61835678,35,34,0.9714285714285714
4932,20100069,40,34,0.85
4933,65001898,10,8,0.8
4934,67845058,55,54,0.9818181818181818
4935,60804768,67,65,0.9701492537313433
4936,69873778,1,1,1.0
4937,63065068,56,56,1.0
4938,61844578,3,3,1.0
4939,66092578,11,0,0.0
4940,67812598,20,16,0.8
4941,61893028,27,11,0.4074074074074074
4945,62098008,21,20,0.9523809523809523
4951,61831968,40,40,1.0
4952,61806498,44,44,1.0
4953,60801888,6,6,1.0
4954,68840788,25,25,1.0
4955,65026918,6,5,0.8333333333333334
4956,62071588,44,44,1.0
4957,61833878,27,27,1.0
4958,60018638,8,6,0.75
4960,69886898,13,0,0.0
4965,61821718,73,70,0.958904109589041
4970,66099178,0,0,
4974,66066588,5,3,0.6
4975,61886218,1,1,1.0
4976,69889918,41,41,1.0
4977,69889868,38,38,1.0
4979,61853908,23,8,0.34782608695652173
4982,66091178,1,1,1.0
4984,65010698,39,39,1.0
4995,62080568,16,11,0.6875
4996,66069978,19,19,1.0
4997,62091678,11,10,0.9090909090909091
4998,65027208,35,34,0.9714285714285714
4999,62088038,39,37,0.9487179487179487
5000,61877368,21,21,1.0
5001,61877428,28,28,1.0
5002,61877018,23,23,1.0
5004,63090228,15,15,1.0
5008,65026198,11,11,1.0
5010,65027698,14,13,0.9285714285714286
5011,61825298,28,28,1.0
5013,65009258,14,14,1.0
5014,63059058,17,13,0.7647058823529411
5016,66097128,0,0,
5017,61813168,46,46,1.0
5018,60828498,51,51,1.0
5019,61812508,51,51,1.0
5020,61801678,5,2,0.4
5023,66082718,10,9,0.9
5024,60826908,5,5,1.0
5025,60815458,11,11,1.0
5026,63068608,19,19,1.0
5027,60803378,29,28,0.9655172413793104
5028,66066598,66,21,0.3181818181818182
5029,61845228,217,105,0.4838709677419355
5030,60806618,19,19,1.0
5032,69868998,12,12,1.0
5033,62079818,7,1,0.14285714285714285
5035,65011808,12,11,0.9166666666666666
5037,61836318,25,15,0.6
5038,65089578,24,23,0.9583333333333334
5042,66080228,6,6,1.0
5043,61830328,15,13,0.8666666666666667
5044,61812568,55,55,1.0
5045,61877178,31,31,1.0
5046,61877378,25,25,1.0
5047,69879088,40,40,1.0
5048,61876908,23,23,1.0
5049,61877328,24,24,1.0
5050,69801418,39,25,0.6410256410256411
5051,61894628,23,23,1.0
5052,60008778,5,1,0.2
5053,60818318,4,4,1.0
5054,61877168,34,34,1.0
5055,61877388,25,25,1.0
5056,61828798,32,3,0.09375
5058,69824658,23,19,0.8260869565217391
5059,63091578,46,15,0.32608695652173914
5060,66020008,4,4,1.0
5061,62080038,0,0,
5062,60801588,34,15,0.4411764705882353
5063,61861168,28,27,0.9642857142857143
5064,62097568,12,12,1.0
5075,62051538,34,34,1.0
5076,69817908,64,19,0.296875
5077,61867618,52,49,0.9423076923076923
5078,61857818,15,15,1.0
5079,65086778,0,0,
5080,61812158,57,57,1.0
5081,66061708,32,30,0.9375
5082,60000058,21,20,0.9523809523809523
5083,61867988,1,1,1.0
5084,62086818,39,31,0.7948717948717948
5085,66092018,0,0,
5086,61834968,39,39,1.0
5087,65056168,37,36,0.972972972972973
5092,61807978,15,10,0.6666666666666666
5093,63059108,96,4,0.041666666666666664
5095,63087828,21,21,1.0
5096,60818828,32,32,1.0
5098,61885908,2,1,0.5
5099,63066718,17,17,1.0
5100,69883188,23,18,0.782608695652174
5101,69811528,6,6,1.0
5102,61834978,13,13,1.0
5103,63095668,23,7,0.30434782608695654
5104,61836168,57,57,1.0
5107,61801528,46,46,1.0
5108,61801918,44,44,1.0
5109,61801868,37,37,1.0
5114,60821608,25,25,1.0
5117,61844718,140,43,0.30714285714285716
5118,65011608,12,11,0.9166666666666666
5119,61803218,7,6,0.8571428571428571
5120,60818678,4,2,0.5
5121,65019128,8,8,1.0
5122,61803978,11,10,0.9090909090909091
5123,69897638,10,7,0.7
5124,61851028,12,10,0.8333333333333334
5125,60000658,46,43,0.9347826086956522
5126,61849308,41,41,1.0
5128,63089038,28,28,1.0
5129,68843378,189,89,0.4708994708994709
5133,65027138,4,4,1.0
5134,61832688,38,32,0.8421052631578947
5135,63019008,13,13,1.0
5136,60007728,23,23,1.0
5137,61823378,47,46,0.9787234042553191
5138,61871578,20,6,0.3
5139,69838678,46,10,0.21739130434782608
5140,65028508,0,0,
5141,65029778,0,0,
5142,63066008,25,25,1.0
5144,62092118,22,22,1.0
5149,61872178,224,22,0.09821428571428571
5150,61841788,6,0,0.0
5151,60824158,29,27,0.9310344827586207
5152,61816858,74,2,0.02702702702702703
5153,61842578,23,22,0.9565217391304348
5154,61826568,54,51,0.9444444444444444
5155,61851408,57,57,1.0
5156,60000558,46,45,0.9782608695652174
5157,61889908,29,29,1.0
5158,66028638,4,2,0.5
5160,63076718,26,25,0.9615384615384616
5162,62072008,0,0,
5166,66096508,0,0,
5167,60815628,5,3,0.6
5168,62098858,17,17,1.0
5169,69825908,38,31,0.8157894736842105
5170,63071298,20,1,0.05
5171,65026828,14,14,1.0
5172,61835198,92,90,0.9782608695652174
5173,65011988,25,24,0.96
5174,62095758,21,20,0.9523809523809523
5175,66077058,0,0,
5176,61862618,3,2,0.6666666666666666
5177,60820818,27,27,1.0
5180,61849578,79,79,1.0
5181,61858968,5,5,1.0
5182,61891588,110,35,0.3181818181818182
5183,60815318,9,9,1.0
5184,61873908,6,6,1.0
5185,65015998,1,0,0.0
5186,69802618,37,10,0.2702702702702703
5187,61840568,53,52,0.9811320754716981
5191,69847108,35,33,0.9428571428571428
5192,61843358,100,100,1.0
5193,61800908,12,2,0.16666666666666666
5194,60814798,37,30,0.8108108108108109
5195,63076978,17,17,1.0
5196,61870468,23,23,1.0
5197,69865688,37,34,0.918918918918919
5198,69828188,32,32,1.0
5199,60822668,23,23,1.0
5201,65017628,12,2,0.16666666666666666
5202,69809358,118,0,0.0
5204,63029778,29,29,1.0
5205,65025298,10,10,1.0
5206,61826668,11,10,0.9090909090909091
5207,68840868,1,1,1.0
5208,61874058,3,3,1.0
5209,61850188,9,9,1.0
5210,66082288,2,2,1.0
5211,69898568,6,6,1.0
5212,61872678,4,4,1.0
5214,67851828,7,3,0.42857142857142855
5215,60005578,22,21,0.9545454545454546
5216,61881058,0,0,
5220,63019178,17,16,0.9411764705882353
5224,68842798,7,7,1.0
5225,61863718,45,39,0.8666666666666667
5226,62095818,24,18,0.75
5227,69869428,17,17,1.0
5228,66009608,20,20,1.0
5229,61851358,29,29,1.0
5230,63092808,1,1,1.0
5231,63097708,2,2,1.0
5232,61843328,27,27,1.0
5233,61850258,4,4,1.0
5234,60821368,22,22,1.0
5235,61876328,37,34,0.918918918918919
5244,62099798,30,28,0.9333333333333333
5245,66088708,0,0,
5246,66068168,5,5,1.0
5247,60801858,43,43,1.0
5248,65026288,13,13,1.0
5249,61827288,8,7,0.875
5250,66027688,0,0,
5251,66082038,17,17,1.0
5255,53159995,3,3,1.0
5256,69814028,16,15,0.9375
5257,61884478,17,16,0.9411764705882353
5258,61835818,33,33,1.0
5259,63018698,16,16,1.0
5260,61857758,2,2,1.0
5261,63066638,18,18,1.0
5262,63082568,0,0,
5263,67812458,34,34,1.0
5264,64412238,0,0,
5269,67819208,32,32,1.0
5270,61887128,3,3,1.0
5271,61877288,11,10,0.9090909090909091
5272,61822788,46,46,1.0
5273,61877318,17,15,0.8823529411764706
5274,61834908,46,41,0.8913043478260869
5275,66067138,9,9,1.0
5276,61847388,49,0,0.0
5277,61841498,31,30,0.967741935483871
5278,61835928,32,32,1.0
5279,66069228,2,2,1.0
5280,61812228,175,108,0.6171428571428571
5282,65006298,10,4,0.4
5283,61827308,5,4,0.8
5286,65021908,11,10,0.9090909090909091
5288,69856068,0,0,
5289,68843718,12,12,1.0
5290,60824478,241,0,0.0
5293,61829688,5,0,0.0
5295,60826558,31,5,0.16129032258064516
5297,68844068,37,5,0.13513513513513514
5298,63025628,3,0,0.0
5299,63090088,92,2,0.021739130434782608
5300,66058018,1,1,1.0
5301,61851398,7,7,1.0
5302,61806658,15,15,1.0
5304,63096838,8,8,1.0
5305,61842268,4,2,0.5
5306,69898218,19,19,1.0
5307,67810468,1,1,1.0
5308,61832698,6,6,1.0
5309,65019628,31,22,0.7096774193548387
5311,65018988,1,1,1.0
5312,61828828,26,21,0.8076923076923077
5313,61823388,58,56,0.9655172413793104
5314,61866768,1,1,1.0
5315,67854358,63,39,0.6190476190476191
5316,61896008,6,6,1.0
5317,60807958,27,27,1.0
5318,61853918,18,3,0.16666666666666666
5319,61895718,3,1,0.3333333333333333
5320,61884528,18,18,1.0
5322,63082758,3,3,1.0
5324,69846888,29,24,0.8275862068965517
5325,67854528,55,52,0.9454545454545454
5326,62055638,9,9,1.0
5327,62890928,24,24,1.0
5328,69890258,3,3,1.0
5329,66026868,0,0,
5330,61826558,0,0,
5331,61841168,58,58,1.0
5334,63059858,20,2,0.1
5335,62080218,31,31,1.0
5336,66021728,6,6,1.0
5337,61827298,3,1,0.3333333333333333
5338,65015898,13,12,0.9230769230769231
5339,63000568,14,11,0.7857142857142857
5340,69883618,20,20,1.0
5341,66020158,2,2,1.0
5343,69833718,17,17,1.0
5344,63018918,10,10,1.0
5345,65055088,2,2,1.0
5346,63072568,6,6,1.0
5347,69863208,27,27,1.0
5348,66009858,19,12,0.631578947368421
5350,62846388,113,94,0.831858407079646
5353,61842278,32,32,1.0
5355,66027698,1,0,0.0
5356,65055118,7,6,0.8571428571428571
5357,65057208,9,4,0.4444444444444444
5358,63076618,1,0,0.0
5359,62096218,1,1,1.0
5360,61858068,10,10,1.0
5363,60818098,11,11,1.0
5364,61862088,46,46,1.0
5365,61821998,22,22,1.0
5366,69819978,13,0,0.0
5367,62092068,47,40,0.851063829787234
5368,69845458,9,0,0.0
5369,61836588,19,19,1.0
5370,60828808,0,0,
5371,61832718,5,3,0.6
5372,61856368,29,29,1.0
5373,62089168,35,31,0.8857142857142857
5374,61850098,20,20,1.0
5375,65012988,6,6,1.0
5376,63060078,16,16,1.0
5377,60818588,12,12,1.0
5378,66893288,28,28,1.0
5379,69829008,33,33,1.0
5382,68843058,23,23,1.0
5383,66072808,1,1,1.0
5384,65011268,4,4,1.0
5385,69868268,4,0,0.0
5386,69896058,60,57,0.95
5387,69809458,45,45,1.0
5388,69891678,11,11,1.0
5389,69897138,37,37,1.0
5390,65001138,6,6,1.0
5391,61891888,36,36,1.0
5392,61844868,29,29,1.0
5393,69826368,9,9,1.0
5396,65077158,44,29,0.6590909090909091
5399,61835108,70,67,0.9571428571428572
5400,69890858,19,12,0.631578947368421
5401,63081208,8,8,1.0
5402,61846608,31,31,1.0
5403,66078508,0,0,
5404,60815918,1,1,1.0
5405,69866698,24,24,1.0
5406,61897398,60,58,0.9666666666666667
5407,63000598,3,3,1.0
5410,63019198,27,27,1.0
5411,66026178,1,1,1.0
5412,66050018,21,21,1.0
5413,61843718,28,26,0.9285714285714286
5416,62075718,4,4,1.0
5417,65019978,1,1,1.0
5418,66071678,3,3,1.0
5419,63082508,44,44,1.0
5420,61807998,7,7,1.0
5421,61808178,11,11,1.0
5422,63062288,2,1,0.5
5423,63092198,15,13,0.8666666666666667
5424,66066568,15,15,1.0
5427,68844598,3,3,1.0
5428,61850578,40,38,0.95
5429,61823798,58,52,0.896551724137931
5430,69827228,19,19,1.0
5431,66051918,3,3,1.0
5432,66019728,9,9,1.0
5433,61840578,115,112,0.9739130434782609
5434,62070568,5,2,0.4
5435,65076168,16,15,0.9375
5438,61871728,12,12,1.0
5439,66066928,3,3,1.0
5440,63056538,10,10,1.0
5441,61827398,56,40,0.7142857142857143
5442,83858385,12,12,1.0
5443,61884318,15,8,0.5333333333333333
5444,61833478,98,83,0.8469387755102041
5445,63058688,8,5,0.625
5446,60822718,17,17,1.0
5447,60814708,36,36,1.0
5448,61813008,10,1,0.1
5449,65008788,3,3,1.0
5450,60803608,0,0,
5451,61832528,3,3,1.0
5455,66066518,0,0,
5458,65087138,5,3,0.6
5459,60824958,36,35,0.9722222222222222
5460,69814278,26,26,1.0
5461,66008058,0,0,
5465,63068658,5,5,1.0
5466,61884008,10,6,0.6
5467,60000118,26,23,0.8846153846153846
5468,69886618,21,21,1.0
5470,61857088,47,46,0.9787234042553191
5476,67812678,25,25,1.0
5477,61876578,20,20,1.0
5478,61882168,18,18,1.0
5479,66019698,2,1,0.5
5480,61807158,27,25,0.9259259259259259
5481,68841098,45,43,0.9555555555555556
5482,66050028,6,6,1.0
5483,61841278,27,27,1.0
5485,69835458,66,47,0.7121212121212122
5486,65077118,21,11,0.5238095238095238
5488,61800658,21,21,1.0
5489,60080788,139,6,0.04316546762589928
5490,63067768,7,6,0.8571428571428571
5491,61858118,18,18,1.0
5492,61847358,5,5,1.0
5493,61826868,81,40,0.49382716049382713
5494,66077068,0,0,
5495,62095238,10,7,0.7
5496,60843308,47,47,1.0
5497,61841028,22,7,0.3181818181818182
5498,62087708,16,16,1.0
5499,62087618,7,7,1.0
5500,62070638,34,30,0.8823529411764706
5501,65026188,9,9,1.0
5502,69864278,26,26,1.0
5508,65086738,1,1,1.0
5509,61865578,68,0,0.0
5510,65058058,13,7,0.5384615384615384
5511,61879418,13,4,0.3076923076923077
5512,66070218,0,0,
5513,28808057,6,5,0.8333333333333334
5514,66075208,1,0,0.0
5515,61899598,3,1,0.3333333333333333
5516,65008538,7,4,0.5714285714285714
5520,63085528,7,7,1.0
5521,66051708,3,1,0.3333333333333333
5522,60819068,8,8,1.0
5523,65020718,6,6,1.0
5524,67813888,45,29,0.6444444444444445
5525,69895978,3,3,1.0
5526,61857008,31,31,1.0
5527,61848098,34,34,1.0
5528,61841428,29,29,1.0
5529,62067008,25,24,0.96
5530,66068808,2,1,0.5
5535,65008278,13,0,0.0
5542,61821978,57,57,1.0
5543,61875378,8,8,1.0
5544,61859318,17,14,0.8235294117647058
5545,61833568,50,50,1.0
5546,66068198,1,1,1.0
5547,60817058,16,16,1.0
5548,66050688,6,6,1.0
5549,69843418,16,11,0.6875
5550,69868888,5,5,1.0
5551,62077278,21,21,1.0
5552,61826958,30,28,0.9333333333333333
5557,61860658,2,2,1.0
5558,61815618,30,30,1.0
5559,61821788,0,0,
5560,65026218,4,3,0.75
5561,60825788,6,3,0.5
5562,61831218,9,9,1.0
5563,61880508,6,0,0.0
5564,69851308,4,0,0.0
5565,61846518,13,13,1.0
5566,61887068,4,4,1.0
5567,61854508,35,35,1.0
5568,61849368,49,35,0.7142857142857143
5569,66021058,23,0,0.0
5573,61848708,44,42,0.9545454545454546
5574,66082278,0,0,
5575,65080158,34,33,0.9705882352941176
5576,61898278,8,8,1.0
5577,61847798,36,35,0.9722222222222222
5578,61845218,38,37,0.9736842105263158
5579,63072798,5,5,1.0
5580,67811608,22,13,0.5909090909090909
5582,61835688,15,15,1.0
5583,65007028,2,0,0.0
5585,66021908,3,3,1.0
5590,66066158,1,1,1.0
5593,61848788,41,41,1.0
5594,67810288,18,18,1.0
5595,66065188,25,24,0.96
5596,61851728,75,75,1.0
5597,61849698,63,63,1.0
5598,61851478,64,64,1.0
5599,61804718,26,24,0.9230769230769231
5602,61844318,37,37,1.0
5605,62087068,22,0,0.0
5607,61828118,12,6,0.5
5608,61872418,2,2,1.0
5609,66008198,0,0,
5610,61899778,1,1,1.0
5611,65085058,3,2,0.6666666666666666
5612,63087568,5,5,1.0
5613,61846658,40,35,0.875
5614,65011178,7,7,1.0
5615,65085098,21,21,1.0
5616,62070558,29,29,1.0
5617,67810018,20,2,0.1
5618,62072698,23,22,0.9565217391304348
5619,61870158,3,0,0.0
5620,66080628,0,0,
5621,65011978,7,7,1.0
5622,61821488,2,2,1.0
5623,69859828,2,2,1.0
5624,63067958,14,13,0.9285714285714286
5631,63080568,17,17,1.0
5632,62097998,3,3,1.0
5633,61820098,92,92,1.0
5634,63085088,33,33,1.0
5635,61842398,52,52,1.0
5636,63079628,0,0,
5637,62026008,33,33,1.0
5638,69875598,14,14,1.0
5640,65021678,2,1,0.5
5646,60831698,351,0,0.0
5652,69898558,24,20,0.8333333333333334
5653,61879098,10,9,0.9
5654,61842288,58,58,1.0
5655,69841958,42,42,1.0
5656,66076898,15,2,0.13333333333333333
5657,65009008,17,17,1.0
5658,60818908,46,46,1.0
5659,62025038,15,15,1.0
5660,61845608,78,78,1.0
5665,67856978,1,0,0.0
5666,69868808,16,15,0.9375
5667,63060878,30,28,0.9333333333333333
5668,66050608,9,9,1.0
5675,62092578,31,31,1.0
5676,65076728,7,6,0.8571428571428571
5677,61896718,143,16,0.11188811188811189
5678,63090738,1,1,1.0
5679,69814568,22,22,1.0
5680,63015028,18,18,1.0
5681,62086898,47,46,0.9787234042553191
5682,66069068,1,1,1.0
5683,62078008,51,1,0.0196078431372549
5686,69890968,21,21,1.0
5687,66029628,9,8,0.8888888888888888
5688,63011038,35,33,0.9428571428571428
5689,63069768,18,18,1.0
5691,62098038,2,2,1.0
5692,62099588,4,4,1.0
5693,61820078,85,83,0.9764705882352941
5694,63008978,2,2,1.0
5695,61811918,22,22,1.0
5696,68844978,19,19,1.0
5707,61852418,30,28,0.9333333333333333
5708,60008118,31,22,0.7096774193548387
5709,60801298,10,10,1.0
5710,61810998,45,44,0.9777777777777777
5711,68848298,3,3,1.0
5712,62092538,25,25,1.0
5713,66070558,15,15,1.0
5714,60813528,8,5,0.625
5715,63078728,7,7,1.0
5716,62095778,29,13,0.4482758620689655
5717,63090838,23,23,1.0
5718,69889458,33,33,1.0
5719,65010168,10,9,0.9
5721,66076208,0,0,
5722,69891858,5,5,1.0
5729,69830218,28,25,0.8928571428571429
5730,66051088,14,14,1.0
5731,66022188,4,4,1.0
5732,63000258,45,44,0.9777777777777777
5733,60830358,9,9,1.0
5734,60808398,56,49,0.875
5735,62087218,51,48,0.9411764705882353
5736,66070978,21,21,1.0
5737,69849918,24,24,1.0
5738,61827668,33,33,1.0
5754,69852178,6,6,1.0
5755,61840818,59,59,1.0
5756,69837818,30,29,0.9666666666666667
5757,69856008,3,3,1.0
5758,66070068,0,0,
5759,66075298,0,0,
5760,66020928,6,6,1.0
5761,66021868,4,3,0.75
5762,63099568,15,14,0.9333333333333333
5763,63066168,5,5,1.0
5764,60817958,29,0,0.0
5765,63058208,32,28,0.875
5766,61820298,54,54,1.0
5767,61820978,37,37,1.0
5768,61875428,31,22,0.7096774193548387
5769,61827788,3,1,0.3333333333333333
5770,60005618,15,15,1.0
5771,65085198,9,2,0.2222222222222222
5772,60803578,19,17,0.8947368421052632
5773,60821278,23,6,0.2608695652173913
5774,66076608,0,0,
5775,60824908,13,13,1.0
5788,60801828,16,12,0.75
5789,61824258,30,30,1.0
5791,66077188,0,0,
5792,61831458,7,5,0.7142857142857143
5793,65057278,9,8,0.8888888888888888
5794,65010638,1,1,1.0
5795,65020218,4,3,0.75
5796,60008228,4,4,1.0
5797,65012858,16,13,0.8125
5798,66077938,0,0,
5799,63068038,60,44,0.7333333333333333
5800,69890028,31,31,1.0
5801,69890058,31,30,0.967741935483871
5802,61898088,38,35,0.9210526315789473
5803,65002558,67,53,0.7910447761194029
5804,61862508,41,37,0.9024390243902439
5805,61847208,18,16,0.8888888888888888
5806,66021578,2,2,1.0
5809,61811188,29,10,0.3448275862068966
5818,66021638,6,0,0.0
5819,65018808,4,3,0.75
5820,62082758,23,21,0.9130434782608695
5821,68842868,36,35,0.9722222222222222
5822,61813528,74,0,0.0
5823,66021118,1,1,1.0
5824,65001268,20,20,1.0
5825,69824098,26,26,1.0
5827,69890608,10,10,1.0
5828,69864858,9,9,1.0
5829,61821808,10,10,1.0
5830,61822318,36,36,1.0
5831,61822368,24,24,1.0
5832,61821898,38,38,1.0
5834,65059558,4,0,0.0
5835,61814328,0,0,
5838,66018958,3,2,0.6666666666666666
5858,62072808,9,8,0.8888888888888888
5859,67810088,32,32,1.0
5860,65015758,1,0,0.0
5861,62089068,16,16,1.0
5862,61840588,32,32,1.0
5863,61833758,83,83,1.0
5864,69800988,1,0,0.0
5865,67815588,4,3,0.75
5867,61843488,13,13,1.0
5868,61844508,13,13,1.0
5869,62086968,25,2,0.08
5883,67845758,55,49,0.8909090909090909
5884,69829508,3,0,0.0
5885,61832058,67,67,1.0
5886,60012188,2,2,1.0
5887,63022028,20,20,1.0
5888,66027258,6,6,1.0
5889,60821628,46,46,1.0
5890,61857808,45,45,1.0
5891,63086788,44,36,0.8181818181818182
5892,61840078,32,31,0.96875
5893,69827758,35,33,0.9428571428571428
5894,65085628,3,3,1.0
5895,63020908,26,22,0.8461538461538461
5896,61827988,19,1,0.05263157894736842
5927,61849768,34,34,1.0
5928,60818858,17,17,1.0
5929,63018988,12,2,0.16666666666666666
5930,61800001,289,192,0.6643598615916955
5931,61811158,84,47,0.5595238095238095
5940,62076038,2,1,0.5
5953,61829978,71,71,1.0
5962,61844098,70,70,1.0
5973,60816758,9,7,0.7777777777777778
5974,61834798,14,12,0.8571428571428571
5975,61801878,38,38,1.0
5976,69872708,24,24,1.0
5977,65026518,29,26,0.896551724137931
5978,61889028,53,27,0.5094339622641509
5979,62015068,28,28,1.0
5991,61801808,111,54,0.4864864864864865
6017,63072708,17,17,1.0
6018,61831158,111,111,1.0
6019,63081928,5,5,1.0
6020,69814928,7,7,1.0
6035,69855308,23,23,1.0
6046,69888468,40,40,1.0
6068,66060108,2,1,0.5
6069,66062618,10,8,0.8
6070,61848308,2,2,1.0
6071,66072788,0,0,
6072,66067108,3,0,0.0
6073,61836558,82,80,0.975609756097561
6074,61835028,81,78,0.9629629629629629
6075,66069298,0,0,
6076,69873768,16,16,1.0
6077,66009758,16,16,1.0
6109,61823588,18,16,0.8888888888888888
6110,69883628,31,28,0.9032258064516129
6111,63012508,25,17,0.68
6112,61844778,46,46,1.0
6113,61841698,59,59,1.0
6114,61843508,56,56,1.0
6115,68848288,20,16,0.8
6116,61841398,46,46,1.0
6135,61822858,81,81,1.0
6136,61880568,8,8,1.0
6137,61827678,24,24,1.0
6138,65028038,0,0,
6146,65008578,8,7,0.875
6161,61862218,1,1,1.0
6162,61896108,20,20,1.0
6163,63078178,1,1,1.0
6164,61842198,54,54,1.0
6165,61820018,2,2,1.0
6166,61848528,34,33,0.9705882352941176
6167,69898758,8,4,0.5
6168,66852708,25,6,0.24
6170,61867858,11,8,0.7272727272727273
6178,61881278,28,28,1.0
6179,62070818,167,72,0.4311377245508982
6180,65075858,1,0,0.0
6181,65072808,1,0,0.0
6182,61880458,30,8,0.26666666666666666
6183,61894688,15,15,1.0
6184,60813658,16,16,1.0
6185,61846978,14,12,0.8571428571428571
6209,63000668,27,27,1.0
6232,65009078,1,0,0.0
6233,69830528,44,38,0.8636363636363636
6234,61835428,104,76,0.7307692307692307
6235,60820508,4,2,0.5
6236,61825728,86,18,0.20930232558139536
6237,61835018,90,89,0.9888888888888889
6238,62089708,38,38,1.0
6239,61850508,67,67,1.0
6240,62066158,1,0,0.0
6258,61898168,2,2,1.0
6259,61851588,16,16,1.0
6260,65026788,17,0,0.0
6261,61878108,36,31,0.8611111111111112
6262,61842528,46,45,0.9782608695652174
6263,61887008,1,1,1.0
6264,61898508,44,44,1.0
6265,65022598,2,2,1.0
6284,60803068,47,47,1.0
6285,61825318,57,52,0.9122807017543859
6286,69896828,45,45,1.0
6287,62095198,5,4,0.8
6288,65026158,2,2,1.0
6289,61841418,30,30,1.0
6290,61880308,1,1,1.0
6314,69896718,11,11,1.0
6315,62087178,47,28,0.5957446808510638
6316,65017268,2,2,1.0
6317,61820588,24,24,1.0
6318,61842908,40,40,1.0
6326,60823698,42,42,1.0
6338,10881088,26,26,1.0
6339,60824988,12,12,1.0
6340,65026298,1,1,1.0
6341,19880312,55,50,0.9090909090909091
6342,69836318,4,4,1.0
6343,63015228,7,5,0.7142857142857143
6344,65000888,10,6,0.6
6345,69812058,3,0,0.0
6346,63087688,12,12,1.0
6378,63066728,12,7,0.5833333333333334
6379,61800598,10,0,0.0
6380,65002118,8,4,0.5
6381,61897008,3,1,0.3333333333333333
6391,69829628,54,43,0.7962962962962963
6405,61820508,29,29,1.0
6406,61875118,24,21,0.875
6407,65055268,0,0,
6408,61820868,30,30,1.0
6409,60807428,4,4,1.0
6410,61886788,9,2,0.2222222222222222
6411,63092158,1,1,1.0
6412,61820498,26,26,1.0
6413,65082658,4,4,1.0
6414,61834368,216,0,0.0
6415,61879568,15,13,0.8666666666666667
6416,61876888,15,12,0.8
6417,61868288,16,16,1.0
6423,69838968,8,5,0.625
6434,69876818,37,37,1.0
6439,61827468,40,40,1.0
6440,63075278,15,5,0.3333333333333333
6441,63066978,7,4,0.5714285714285714
6442,61869378,42,42,1.0
6443,65022758,9,9,1.0
6444,69800998,1,0,0.0
6445,61852788,138,10,0.07246376811594203
6446,68848528,2,0,0.0
6482,61843518,50,50,1.0
6483,69830718,13,8,0.6153846153846154
6484,61843898,48,48,1.0
6485,61858598,29,17,0.5862068965517241
6486,67856728,1,1,1.0
6487,69897088,19,19,1.0
6488,60005118,16,16,1.0
6489,63099878,4,4,1.0
6490,61811968,23,19,0.8260869565217391
6491,69890518,47,47,1.0
6496,19751008,13,5,0.38461538461538464
6519,69826628,29,29,1.0
6521,61853718,61,57,0.9344262295081968
6522,62067108,2,1,0.5
6523,61813678,168,0,0.0
6524,65029958,1,0,0.0
6525,61890798,1,1,1.0
6526,65015158,2,2,1.0
6527,61890118,28,28,1.0
6528,61844958,2,0,0.0
6529,67843018,24,19,0.7916666666666666
6542,63087778,4,4,1.0
6543,65010108,1,0,0.0
6544,61808328,138,76,0.5507246376811594
6545,63021788,8,8,1.0
6546,61827928,21,21,1.0
6547,65026268,1,0,0.0
6548,61831578,18,18,1.0
6559,65028198,15,11,0.7333333333333333
6560,68844018,7,1,0.14285714285714285
6561,63068778,0,0,
6562,63012838,12,12,1.0
6563,63088188,5,3,0.6
6564,63012868,21,6,0.2857142857142857
6565,65020678,1,0,0.0
6566,91223681,0,0,
6567,61825708,44,40,0.9090909090909091
6580,61813788,77,75,0.974025974025974
6581,69878088,41,11,0.2682926829268293
6582,69855718,1,0,0.0
6583,62085678,28,27,0.9642857142857143
6592,61850358,16,16,1.0
6593,63017728,12,10,0.8333333333333334
6594,61845958,19,18,0.9473684210526315
6595,61813178,15,0,0.0
6603,65026768,1,0,0.0
6604,61854668,8,3,0.375
6605,65018718,0,0,
6606,60800628,2,2,1.0
6607,65028668,3,3,1.0
6608,61897718,14,14,1.0
6609,61828718,37,33,0.8918918918918919
6621,61820468,13,13,1.0
6622,60822918,38,37,0.9736842105263158
6623,63099898,1,0,0.0
6624,61852358,64,64,1.0
6625,65017118,14,1,0.07142857142857142
6636,69871108,3,3,1.0
6637,62089288,9,9,1.0
6638,63088608,1,0,0.0
6639,62086638,11,11,1.0
6659,61827588,42,42,1.0
6660,61805188,42,42,1.0
6661,61847328,19,19,1.0
6662,61860768,21,21,1.0
6663,60819718,18,18,1.0
6664,60814688,23,23,1.0
6685,62055138,11,11,1.0
6686,63002508,61,0,0.0
6687,61852378,6,6,1.0
6688,69850408,26,26,1.0
6689,69885678,12,12,1.0
