,account,is_real_out
0,65007528,True
1,66055038,False
2,60817018,True
3,68840078,False
4,62095088,True
5,62092688,False
6,61858088,True
7,62096278,False
8,62080208,False
9,67075138,True
10,69848688,False
11,61815008,True
12,67067008,True
13,61841558,True
14,69863808,True
15,61881688,True
16,67092628,True
17,60830098,False
18,65012038,True
19,66068778,False
20,67056688,True
21,60809258,True
22,60000988,False
23,60006568,True
24,61826658,True
25,67010178,True
26,61820828,True
27,67002298,True
28,61891668,True
29,60016768,False
30,68842728,True
31,69861668,True
32,65022958,True
33,67077828,True
34,67015578,True
35,63070538,False
36,60800058,True
37,33333333,True
38,61888798,False
39,61811000,True
40,60814998,True
41,63089698,False
42,69847188,True
43,67026928,True
44,66070028,True
45,69864818,True
46,66072978,False
47,67007918,True
48,61823468,False
49,66029268,False
50,61895208,True
51,66086988,True
52,63068678,True
53,66085018,True
54,67012028,True
55,67062568,True
56,61802908,True
57,67072058,True
58,63089578,True
59,62070628,True
60,61851298,False
61,61868788,False
62,61854688,False
63,61855288,False
64,61844758,True
65,65011818,False
66,63009638,False
67,62075208,False
68,69843018,True
69,60818368,True
70,66016728,True
71,66099118,False
72,67016658,False
73,61841488,False
74,60852078,True
75,67056618,True
76,20171101,False
77,61896858,True
78,67015778,True
79,66008638,False
80,65019058,True
81,63069118,True
82,67051678,True
83,67017998,True
84,65052678,False
85,62015878,True
86,61876508,True
87,69824798,True
88,60822728,False
89,61857178,False
90,65018578,False
91,67018858,True
92,67008038,True
93,67059168,False
94,66052578,False
95,61842658,False
96,65055138,False
97,66027768,False
98,67810278,False
99,67056508,False
100,61865988,False
101,69846068,False
102,63021868,False
103,66051118,False
104,63067968,False
105,62071618,False
106,61807958,True
107,66081578,False
108,69890108,False
109,61846588,True
110,61882108,False
111,67050078,False
112,67015978,True
113,66070078,False
114,62077178,False
115,63097858,True
116,63068798,True
117,63001178,True
118,65021708,True
119,61824368,True
120,67029808,False
121,67050718,False
122,67028158,False
123,67028608,True
124,66018708,False
125,63067508,False
126,66051958,False
127,54458866,False
128,66020658,False
129,67009698,True
130,63080638,True
131,61857878,True
132,67018158,False
133,66069868,False
134,65020898,True
135,62061678,True
136,62082808,True
137,65021578,False
138,61828598,False
139,66051838,True
140,61855468,True
141,66079778,True
142,61812558,True
143,65011078,False
144,66092728,False
145,66099168,False
146,61860298,True
147,61812478,False
148,65021068,False
149,69895618,False
150,68844788,False
151,62072788,False
152,69884998,True
153,66077908,True
154,69869078,True
155,61812678,False
156,67029998,True
157,61872658,True
158,66062098,False
159,61841868,True
160,61831078,False
161,69845618,False
162,66096678,True
163,66080278,True
164,66062168,False
165,66077028,False
166,63092008,False
167,66052018,True
168,65027578,True
169,66085198,False
170,69852128,False
171,63061208,True
172,66072638,False
173,61856698,True
174,66028238,False
175,61882088,True
176,61846688,True
177,65025868,False
178,69848828,True
179,67026298,False
180,67029208,True
181,65016128,False
182,62087638,False
183,60087508,True
184,69823598,True
185,60817818,True
186,65026208,False
187,62092868,True
188,62070078,False
189,62055098,False
190,62075258,False
191,62069668,False
192,18669555,False
193,67021618,False
194,65052728,False
195,67008538,False
196,62082968,True
197,63068958,False
198,66099018,True
199,68839918,False
200,66078818,False
201,67020728,False
202,63016188,True
203,63091198,False
204,61887408,True
205,65060738,True
206,66069288,True
207,66072588,True
208,65018118,True
209,67012238,True
210,60018798,True
211,19880818,False
212,61833278,True
213,69868458,True
214,67015188,True
215,69827318,True
216,61888988,False
217,61830758,True
218,69809968,False
219,69810898,False
220,69802498,False
221,62079598,False
222,60818758,True
223,62085868,True
224,61851128,True
225,67022728,True
226,66077658,False
227,65018238,True
228,61843968,False
229,66019638,True
230,61831568,False
231,67016128,True
232,67026628,True
233,62080128,False
234,69867798,True
235,69831178,True
236,62087768,False
237,61892068,True
238,61868768,False
239,62070158,True
240,65055018,True
241,62089138,True
242,63007888,True
243,69896968,True
244,67020968,True
245,61841598,False
246,66080788,False
247,62061718,False
248,67009188,False
249,67002638,False
250,62069618,False
251,61899398,False
252,65017558,False
253,66080978,False
254,60800958,False
255,60816098,False
256,66089678,True
257,67809698,True
258,65010828,True
259,66029118,False
260,63025528,False
261,66091098,True
262,60018568,True
263,61858018,False
264,88636695,False
265,66075638,True
266,65006928,False
267,61839788,True
268,66021228,False
269,62061698,False
270,62069638,False
271,60822818,True
272,61836468,True
273,63019518,False
274,69814888,True
275,61875058,True
276,60002868,False
277,67010968,True
278,69859918,False
279,69833308,True
280,66089608,False
281,66022288,True
282,66075038,False
283,63052838,False
284,67000708,True
285,65018608,True
286,66099928,False
287,61867758,False
288,61848978,False
289,69872998,True
290,66029298,True
291,60000838,False
292,61857018,True
293,69853688,False
294,65056708,True
295,62880868,False
296,61805408,True
297,63057018,True
298,60827768,False
299,62086678,True
300,61823328,True
301,61826578,False
302,69873168,False
303,62096628,True
304,61847768,True
305,66095768,False
306,60823168,True
307,67000608,True
308,61860068,True
309,66066558,False
310,69847898,False
311,61822308,False
312,66071868,False
313,62082778,True
314,60801508,False
315,65056728,False
316,67012538,True
317,61852408,True
318,61858758,True
319,63066598,False
320,66096058,True
321,63018958,True
322,69877818,True
323,69852068,True
324,65019868,False
325,60005018,True
326,65017058,False
327,66017208,True
328,66080958,False
329,60815228,True
330,65020258,True
331,63077178,True
332,65002878,True
333,61849518,True
334,63095638,True
335,66077078,False
336,69885328,True
337,69873628,False
338,62075598,False
339,62055798,False
340,69887158,False
341,61847878,True
342,61852658,False
343,66058078,True
344,66021598,False
345,61806908,True
346,61895368,True
347,61847168,False
348,66026688,True
349,61802508,True
350,62081668,True
351,61808098,False
352,61840808,True
353,61858008,False
354,61800088,True
355,61870558,False
356,66079918,True
357,63095198,True
358,61835728,False
359,65055538,False
360,65026998,False
361,61896298,True
362,65009958,True
363,65016228,True
364,63002168,False
365,63086218,False
366,61870618,True
367,66085038,False
368,61825818,True
369,66061878,False
370,63088918,True
371,61831398,True
372,69893178,True
373,63081998,False
374,63085788,False
375,66070518,False
376,61804368,True
377,61847428,False
378,60802128,False
379,67000778,False
380,66076838,False
381,69892828,False
382,69869198,True
383,61806718,True
384,61807728,True
385,61874978,True
386,66077738,True
387,61804508,True
388,61806678,True
389,61846088,False
390,66019518,False
391,60000138,True
392,60821588,False
393,66078518,False
394,60826128,False
395,61873198,False
396,63019028,True
397,61845778,True
398,68844418,True
399,65089028,True
400,61853278,True
401,69873778,False
402,66092578,True
403,62018198,False
404,68840788,True
405,60005098,False
406,66099178,True
407,66066588,False
408,61886218,True
409,63001018,False
410,65009258,True
411,66097128,True
412,60826908,True
413,60815458,True
414,69822618,False
415,69824658,True
416,66020008,True
417,62080038,True
418,60801588,False
419,61861168,True
420,62097568,True
421,61857818,True
422,61867988,True
423,62086818,True
424,66092018,True
425,60012758,False
426,61834968,True
427,61851528,False
428,69811528,True
429,61834978,True
430,63087828,True
431,61836168,True
432,65011608,True
433,61803218,True
434,60818678,True
435,65019128,True
436,61803978,True
437,65027138,False
438,61807978,False
439,63019008,True
440,61846958,False
441,60825298,False
442,61871578,True
443,63071918,False
444,60825288,False
445,69838678,False
446,67818108,False
447,66077698,True
448,65028508,True
449,61812578,True
450,65029778,True
451,60824158,False
452,61842578,True
453,61826568,True
454,69813468,False
455,60000558,False
456,61889908,True
457,66068158,False
458,62072008,False
459,61849688,False
460,66096508,True
461,61834228,False
462,65026828,True
463,66068908,False
464,66077058,True
465,61862618,True
466,60820818,False
467,61849578,True
468,62091928,False
469,60827978,False
470,60815318,True
471,61873908,True
472,60818828,False
473,61857918,False
474,61874708,False
475,65026728,False
476,61840568,True
477,61854198,False
478,61843358,True
479,61894758,False
480,61820118,False
481,61821098,False
482,61800908,True
483,61870468,True
484,69836908,False
485,69828188,True
486,66066598,False
487,60822668,False
488,63095268,False
489,61801828,False
490,61810618,False
491,65025298,True
492,61847008,False
493,61860368,False
494,68840868,True
495,67845058,False
496,61874058,True
497,61850188,True
498,69898568,False
499,61872678,True
500,65089158,False
501,60005578,True
502,63067828,False
503,61881058,True
504,68842798,False
505,60089968,False
506,62095818,False
507,69869428,True
508,61851358,True
509,63092808,True
510,63097708,True
511,63025208,False
512,61843328,True
513,61850258,True
514,61852588,False
515,60821368,True
516,61876328,True
517,65016928,False
518,62099798,True
519,66088708,True
520,66025558,False
521,66068168,True
522,91499798,False
523,66027688,True
524,69858358,True
525,63071768,False
526,69814428,False
527,66082038,True
528,61884478,True
529,66092978,False
530,63018698,True
531,60820068,False
532,63066638,True
533,63082568,True
534,67812458,False
535,64412238,True
536,66021788,False
537,61827218,False
538,61877288,False
539,61877318,False
540,61847388,True
541,61855508,False
542,61835928,True
543,66069228,True
544,62086878,False
545,61821718,False
546,66066628,False
547,69856068,True
548,61893058,False
549,68843718,True
550,60824478,False
551,68844068,True
552,63025628,True
553,61846898,False
554,66058018,True
555,63096838,True
556,61884368,False
557,66029008,False
558,61842268,True
559,69898218,False
560,67810468,True
561,61832698,True
562,69898728,False
563,65018988,False
564,61828828,False
565,65020138,False
566,61866768,True
567,66072268,False
568,67854358,True
569,60821198,False
570,69853488,False
571,61896008,True
572,60807958,True
573,62099508,False
574,61853908,False
575,61891488,False
576,61853918,True
577,66080228,False
578,61895718,False
579,63000088,False
580,61884528,True
581,62077198,False
582,77661168,False
583,67854528,True
584,63088578,False
585,66026868,True
586,61826558,True
587,66021728,True
588,65015898,False
589,66088098,False
590,69883618,True
591,66020158,True
592,66076708,False
593,69833718,True
594,63018918,True
595,65055088,True
596,63072568,True
597,69863208,True
598,66009858,True
599,66027698,True
600,65055118,True
601,63076618,True
602,62051538,False
603,63088538,False
604,66020128,False
605,61858068,True
606,60818098,True
607,61848398,False
608,61875998,False
609,61821998,True
610,61802578,False
611,60807968,False
612,61836588,True
613,65021138,False
614,60828808,True
615,61832718,True
616,61847288,False
617,69889918,False
618,62089168,False
619,65012988,True
620,69889868,False
621,60818588,True
622,69829008,True
623,63025198,False
624,61843918,False
625,66072808,False
626,65011268,True
627,65025208,False
628,66052718,False
629,69809458,True
630,69849428,False
631,69891678,True
632,61831428,False
633,69828528,False
634,69828858,False
635,69828458,False
636,65021198,False
637,69897138,True
638,69828818,False
639,69836968,False
640,65001138,True
641,69829188,False
642,69828828,False
643,66017638,False
644,60010538,False
645,69828728,False
646,69828788,False
647,69828558,False
648,61844868,True
649,69826368,False
650,61835108,True
651,63086298,False
652,61846608,True
653,66078508,True
654,66069278,False
655,69830918,False
656,67856698,False
657,66029938,False
658,66075818,False
659,66017888,False
660,66026178,True
661,61812108,False
662,61843718,True
663,66069168,False
664,66061728,False
665,62075718,True
666,61832108,False
667,65019978,True
668,61807998,True
669,61879178,False
670,63062288,True
671,60813178,False
672,63092198,True
673,63075858,False
674,66078138,False
675,62068878,False
676,68844598,True
677,69827228,False
678,66051918,True
679,66019728,True
680,69891988,False
681,62070568,True
682,61871728,True
683,61877018,False
684,60806618,False
685,61877368,False
686,63058688,True
687,61877428,False
688,60822718,True
689,60814708,True
690,61846568,False
691,68831328,False
692,61813008,True
693,65008788,True
694,60803608,True
695,61832528,True
696,61880198,False
697,65009728,False
698,61803078,False
699,66066518,True
700,66008058,True
701,66081108,False
702,20429012,False
703,60814858,False
704,60812668,False
705,66009588,False
706,69886618,True
707,61876578,True
708,61882168,True
709,66019698,True
710,61807158,True
711,66070668,False
712,65008968,False
713,65005688,False
714,66050028,True
715,61841278,True
716,60080788,True
717,61822468,False
718,61883428,False
719,65007108,False
720,61858118,False
721,62089588,False
722,62089698,False
723,62089688,False
724,61826868,True
725,66077068,True
726,60843308,True
727,62087708,True
728,62087618,True
729,62070638,False
730,65026188,True
731,69864278,True
732,66066128,False
733,65027698,False
734,61865578,True
735,66026608,False
736,60800018,False
737,62888188,False
738,60845788,False
739,60848968,False
740,66066568,False
741,66070218,True
742,28808057,True
743,66075208,False
744,66894418,False
745,69892228,False
746,62086778,False
747,62087088,False
748,60819068,True
749,65020718,True
750,62069768,False
751,69801028,False
752,69895978,True
753,61857008,True
754,61841428,True
755,69818608,False
756,65075998,False
757,62067008,True
758,61875378,True
759,66072628,False
760,66068198,True
761,66069638,False
762,60817058,True
763,66071938,False
764,61875288,False
765,65021278,False
766,66027008,False
767,62077278,True
768,61826958,True
769,61860658,True
770,61805828,False
771,61815618,True
772,61821788,True
773,65026218,True
774,61880508,True
775,66069698,False
776,61846518,True
777,61879488,True
778,61887068,True
779,66082278,True
780,62096088,False
781,61898278,True
782,60815058,False
783,66075228,False
784,63072798,True
785,62085588,False
786,61835688,True
787,65007028,True
788,66021908,True
789,67810288,True
790,66066158,True
791,66070968,False
792,66008198,True
793,61899778,True
794,63087568,True
795,65011178,True
796,62080658,False
797,66052228,False
798,66080168,False
799,66080628,True
800,65011978,False
801,61821488,True
802,69859828,True
803,63067958,True
804,69844108,False
805,60005078,False
806,69875598,True
807,65021678,True
808,66019818,False
809,61879098,False
810,66076898,True
811,62097978,False
812,62076638,False
813,65052508,False
814,63060878,True
815,65089218,False
816,65010088,False
817,66069068,True
818,60827488,False
819,69890968,True
820,66029628,True
821,61896478,False
822,63011038,False
823,63069768,True
824,69860608,False
825,66020698,False
826,61829078,False
827,62098038,True
828,62099588,True
829,63008978,True
830,61828698,False
831,68844978,True
832,61852418,True
833,66075688,False
834,63078728,True
835,62095778,True
836,65010168,True
837,66076208,True
838,66068178,False
839,69891858,True
840,69830218,False
841,66021668,False
842,61891178,False
843,61879278,False
844,60830358,False
845,61832928,False
846,63057288,False
847,65026068,False
848,61890318,False
849,61827668,True
850,62025038,False
851,66019558,False
852,61823018,False
853,61832398,False
854,69852178,True
855,61860308,False
856,66070068,True
857,61820188,False
858,66075298,True
859,66020928,True
860,66021868,True
861,61860188,False
862,61859578,False
863,63066168,True
864,60005618,False
865,66029608,False
866,65085198,True
867,61822358,False
868,61833928,False
869,61822328,False
870,63065618,False
871,60803578,True
872,66076608,True
873,62082038,False
874,60824908,True
875,61800198,False
876,66071268,False
877,66022528,False
878,60801828,True
879,66077188,True
880,66018078,False
881,66077768,False
882,65010638,False
883,60818708,False
884,60008228,True
885,66068818,False
886,65009978,False
887,65012858,True
888,65009818,False
889,66077938,True
890,66021578,True
891,69870888,False
892,65019138,False
893,65018808,True
894,61813528,True
895,66021118,True
896,60821278,False
897,61800658,False
898,69839168,False
899,61807178,False
900,65059558,True
901,61814328,True
902,65015758,False
903,62089068,True
904,69800988,True
905,67815588,False
906,61843488,True
907,61844508,True
908,62086968,True
909,60012188,True
910,62081588,False
911,65085628,True
912,61827988,True
913,66070698,False
914,61823078,False
915,66022028,False
916,66021058,False
917,66071288,False
918,61848308,True
919,66072788,True
920,66067108,True
921,66069298,True
922,61823588,True
923,69883628,True
924,63018928,False
925,61880568,True
926,61844318,False
927,65028038,True
928,65017628,False
929,65058018,False
930,61862218,True
931,63078178,True
932,65059268,False
933,61820018,True
934,61848528,True
935,61845868,False
936,61881278,True
937,62072808,False
938,65075858,True
939,61894688,True
940,60813658,True
941,60820508,True
942,63000898,False
943,62066158,True
944,61898168,True
945,61851588,True
946,60803068,True
947,65026158,True
948,61880308,True
949,65019538,False
950,62087178,True
951,65017268,True
952,61850178,False
953,61820588,False
954,10881088,True
955,60824988,False
956,65026298,True
957,19880312,True
958,69836318,True
959,63015228,True
960,65000888,False
961,69812058,True
962,69812568,False
963,63066728,True
964,69857778,False
965,60018028,False
966,61820508,True
967,61875118,False
968,65055268,True
969,61820868,True
970,60807428,True
971,61886788,True
972,63092158,True
973,61820498,True
974,65082658,True
975,61879568,False
976,61876888,True
977,61868288,True
978,61835678,False
979,65022758,True
980,69800998,True
981,63091678,False
982,61852788,False
983,68848528,True
984,67856728,True
985,60005118,True
986,63099878,True
987,61853718,False
988,62067108,False
989,61813678,True
990,65029958,True
991,61890798,True
992,65015158,True
993,61890118,True
994,61844958,True
995,67843018,True
996,63087778,True
997,65011128,False
998,61867858,False
999,65010108,True
1000,61808328,True
1001,63021788,True
1002,65026268,True
1003,65026198,False
1004,62081808,False
1005,68844018,True
1006,63068778,True
1007,63012838,True
1008,63088188,True
1009,61866618,False
1010,63012868,True
1011,65020678,True
1012,65020058,False
1013,91223681,True
1014,62008178,False
1015,61854758,False
1016,63088208,False
1017,69855718,True
1018,61840998,False
1019,63017728,True
1020,61845958,True
1021,61813178,True
1022,65019628,False
1023,62096738,False
1024,65026768,True
1025,61854668,True
1026,65018718,True
1027,60800628,True
1028,66893278,False
1029,65028668,True
1030,69878718,False
1031,61820468,True
1032,60822918,True
1033,63099898,True
1034,61852358,False
1035,65017118,True
1036,69871108,True
1037,62067508,False
1038,62098978,False
1039,62089288,True
1040,66894398,False
1041,62086638,True
1042,61847328,True
1043,61860768,True
1044,67821988,False
1045,61870068,False
1046,65060678,False
1047,69850408,True
1048,69885678,True
