account,tran_stocks_all,tran_stocks_ipo,ipo_rate
65008008,31,8,0.25806451612903225
61882008,103,103,1.0
63066908,44,44,1.0
65007528,8,0,0.0
61823268,45,45,1.0
61824708,33,31,0.9393939393939394
61891458,14,14,1.0
61825118,36,34,0.9444444444444444
61855498,74,55,0.7432432432432432
61826758,42,40,0.9523809523809523
61855788,55,43,0.7818181818181819
61825128,37,35,0.9459459459459459
61826728,36,34,0.9444444444444444
66069638,7,7,1.0
67068658,3,3,1.0
66077868,12,12,1.0
60826968,22,22,1.0
67058908,3,3,1.0
61840128,77,62,0.8051948051948052
61826278,19,12,0.631578947368421
67021988,8,8,1.0
67011208,9,9,1.0
62837298,24,24,1.0
60817328,110,58,0.5272727272727272
67017768,4,4,1.0
66087988,0,0,
61868978,36,36,1.0
67020838,5,5,1.0
61803268,31,31,1.0
61816666,31,28,0.9032258064516129
60008008,30,27,0.9
67020618,6,6,1.0
66021668,24,24,1.0
61849188,29,28,0.9655172413793104
66092178,15,15,1.0
63075578,11,10,0.9090909090909091
65075608,27,26,0.9629629629629629
65007608,29,29,1.0
61883388,17,11,0.6470588235294118
67006958,7,7,1.0
61831418,62,62,1.0
61826408,118,112,0.9491525423728814
67071988,0,0,
60815668,47,47,1.0
67028108,7,7,1.0
67080278,0,0,
69884808,50,46,0.92
67066678,3,3,1.0
69828888,56,54,0.9642857142857143
61896018,0,0,
63085838,26,25,0.9615384615384616
61874478,0,0,
63088208,14,14,1.0
67052078,3,3,1.0
61841688,2,2,1.0
61848718,34,29,0.8529411764705882
66075888,24,24,1.0
67029518,11,8,0.7272727272727273
67020088,6,6,1.0
63092918,31,31,1.0
61825698,22,22,1.0
66025218,9,9,1.0
61804618,27,27,1.0
61804298,72,64,0.8888888888888888
67018818,8,8,1.0
65020008,29,24,0.8275862068965517
66052788,11,10,0.9090909090909091
63029718,56,54,0.9642857142857143
61850678,21,18,0.8571428571428571
66087218,20,20,1.0
68006658,1,0,0.0
66096228,17,15,0.8823529411764706
67809328,33,33,1.0
63091788,19,19,1.0
67006188,14,14,1.0
63088538,50,50,1.0
61896678,41,41,1.0
67057818,3,3,1.0
62082038,29,27,0.9310344827586207
61879258,79,78,0.9873417721518988
61849968,46,46,1.0
67055978,2,2,1.0
63022988,16,16,1.0
67020518,12,11,0.9166666666666666
63022118,14,14,1.0
61888978,57,51,0.8947368421052632
67051108,8,7,0.875
65000758,4,4,1.0
66069168,7,7,1.0
66018018,34,32,0.9411764705882353
63077038,62,53,0.8548387096774194
66022968,2,2,1.0
61840008,89,86,0.9662921348314607
68002238,0,0,
67026098,2,2,1.0
61803078,22,22,1.0
61873168,51,51,1.0
67020678,13,13,1.0
63072108,60,58,0.9666666666666667
61879278,49,49,1.0
66078038,20,17,0.85
63066258,7,5,0.7142857142857143
66091058,34,20,0.5882352941176471
67018728,1,0,0.0
63067598,40,40,1.0
61824658,10,10,1.0
63020578,29,29,1.0
67028718,0,0,
60010658,7,7,1.0
61802958,94,92,0.9787234042553191
65018288,9,9,1.0
61829358,56,55,0.9821428571428571
61891768,40,40,1.0
61805558,111,108,0.972972972972973
61829328,60,59,0.9833333333333333
61881908,28,28,1.0
61847088,39,39,1.0
61881808,34,34,1.0
60002588,65,54,0.8307692307692308
61858678,35,31,0.8857142857142857
69828788,11,11,1.0
69828828,17,17,1.0
69828558,15,15,1.0
69828818,14,14,1.0
61807178,15,15,1.0
69828728,20,20,1.0
66099698,6,6,1.0
90788881,25,0,0.0
67005588,1,0,0.0
61865988,16,16,1.0
69841598,40,3,0.075
67055968,1,1,1.0
65021858,26,19,0.7307692307692307
66061978,14,13,0.9285714285714286
66055038,16,0,0.0
61804528,71,64,0.9014084507042254
67066228,1,1,1.0
66070678,14,13,0.9285714285714286
60818128,65,65,1.0
67080928,0,0,
67065028,1,1,1.0
66080588,3,3,1.0
65025158,21,20,0.9523809523809523
66021688,21,20,0.9523809523809523
60817018,13,12,0.9230769230769231
62890808,16,16,1.0
61802778,81,73,0.9012345679012346
66080708,11,11,1.0
62846668,7,7,1.0
61824028,14,13,0.9285714285714286
60802098,29,27,0.9310344827586207
66069698,7,7,1.0
61803378,54,50,0.9259259259259259
61847778,91,89,0.978021978021978
60812388,25,23,0.92
67020798,8,7,0.875
67061228,2,2,1.0
69843578,38,38,1.0
61877028,43,42,0.9767441860465116
67077168,1,1,1.0
66076818,16,16,1.0
65018218,38,36,0.9473684210526315
66028918,15,8,0.5333333333333333
61881008,80,80,1.0
60811618,24,22,0.9166666666666666
61825688,86,68,0.7906976744186046
66029928,35,35,1.0
67022658,10,9,0.9
69809658,49,25,0.5102040816326531
66066128,27,27,1.0
90788888,452,0,0.0
65027678,31,31,1.0
61884608,45,45,1.0
60826628,42,42,1.0
63000188,76,49,0.6447368421052632
66081998,20,20,1.0
67010508,16,15,0.9375
61854898,78,78,1.0
61806358,152,120,0.7894736842105263
67057108,0,0,
66071128,50,32,0.64
65027798,45,44,0.9777777777777777
69822618,18,18,1.0
61804158,64,58,0.90625
61843268,37,37,1.0
63009538,18,6,0.3333333333333333
68840078,36,36,1.0
62095088,31,31,1.0
67096068,0,0,
63080968,19,9,0.47368421052631576
65019538,8,8,1.0
66096788,4,2,0.5
69843758,14,13,0.9285714285714286
63092008,12,12,1.0
66098538,20,20,1.0
66098278,14,14,1.0
63025198,39,35,0.8974358974358975
66080688,29,7,0.2413793103448276
63018798,53,6,0.11320754716981132
61871478,23,20,0.8695652173913043
60089968,40,35,0.875
61822298,64,64,1.0
67006898,7,7,1.0
66098088,21,0,0.0
62021168,46,46,1.0
67011058,5,5,1.0
60018138,25,25,1.0
67001088,17,17,1.0
67021758,4,4,1.0
61860498,52,51,0.9807692307692307
66097058,18,18,1.0
67844488,37,37,1.0
61848988,33,33,1.0
67008538,4,4,1.0
66055988,18,17,0.9444444444444444
66061508,15,15,1.0
61802828,79,74,0.9367088607594937
69813468,64,51,0.796875
61853978,40,40,1.0
66087908,11,11,1.0
66077298,12,12,1.0
65059508,47,38,0.8085106382978723
66061238,13,13,1.0
61887958,80,80,1.0
66061568,22,19,0.8636363636363636
66071528,20,20,1.0
69828478,28,27,0.9642857142857143
67022868,10,9,0.9
61892418,55,5,0.09090909090909091
67025158,2,2,1.0
61870498,75,54,0.72
66097668,5,5,1.0
69889258,18,16,0.8888888888888888
63068918,218,5,0.022935779816513763
69889908,29,29,1.0
63069258,28,20,0.7142857142857143
67072128,2,1,0.5
66097908,13,13,1.0
67017008,7,7,1.0
60815158,47,47,1.0
61848478,58,57,0.9827586206896551
62089968,12,12,1.0
61833578,77,74,0.961038961038961
67076688,2,2,1.0
66026808,4,4,1.0
61803588,11,11,1.0
65088918,26,22,0.8461538461538461
67012008,4,4,1.0
65018998,35,35,1.0
60829258,83,65,0.7831325301204819
63068228,40,40,1.0
67015528,17,17,1.0
62887428,55,55,1.0
66097188,15,15,1.0
61888788,32,18,0.5625
63000158,38,38,1.0
67001078,4,3,0.75
68841408,30,28,0.9333333333333333
67068518,1,1,1.0
63012908,17,17,1.0
60821468,13,11,0.8461538461538461
67007008,7,6,0.8571428571428571
60809918,14,14,1.0
67069768,2,2,1.0
61824318,45,45,1.0
65018668,51,49,0.9607843137254902
67021858,13,13,1.0
66082558,13,13,1.0
66092518,12,12,1.0
63086778,29,28,0.9655172413793104
65022668,21,21,1.0
66029088,20,19,0.95
66085198,7,7,1.0
67822388,102,58,0.5686274509803921
67017868,10,4,0.4
67025118,11,8,0.7272727272727273
67010198,6,6,1.0
61804288,72,72,1.0
61879488,54,51,0.9444444444444444
61843298,60,59,0.9833333333333333
67009518,9,9,1.0
63088788,18,17,0.9444444444444444
61806918,68,68,1.0
69886328,42,40,0.9523809523809523
61805198,66,66,1.0
66072258,32,32,1.0
61896268,31,31,1.0
66089288,13,13,1.0
61805268,76,76,1.0
63091678,15,15,1.0
61805358,60,60,1.0
61875968,26,26,1.0
66080208,4,4,1.0
67087998,0,0,
61857078,75,75,1.0
65056628,73,42,0.5753424657534246
65018138,11,11,1.0
61805808,62,62,1.0
69888788,28,28,1.0
66097558,32,20,0.625
61805378,56,56,1.0
67022298,13,13,1.0
65019268,30,30,1.0
66079188,18,18,1.0
67025058,7,7,1.0
61831868,53,42,0.7924528301886793
61891178,10,10,1.0
61805978,62,62,1.0
69820028,35,35,1.0
67025528,1,1,1.0
67809308,28,28,1.0
66020818,3,3,1.0
67019628,5,5,1.0
61867398,33,33,1.0
61806388,65,65,1.0
69853618,44,44,1.0
66068818,5,5,1.0
69869008,29,25,0.8620689655172413
67028908,1,1,1.0
62052178,55,55,1.0
69841578,56,56,1.0
62026088,45,45,1.0
67069178,2,2,1.0
61827208,39,39,1.0
61821318,24,23,0.9583333333333334
63008558,59,49,0.8305084745762712
69876458,47,37,0.7872340425531915
63021278,20,18,0.9
61828588,19,19,1.0
61850328,31,31,1.0
67092658,0,0,
61804998,71,71,1.0
65006158,18,18,1.0
69890808,15,15,1.0
67016298,7,4,0.5714285714285714
67001118,9,9,1.0
63071168,44,44,1.0
60820688,51,46,0.9019607843137255
66090558,12,12,1.0
62092688,18,18,1.0
66020238,21,21,1.0
61805528,56,55,0.9821428571428571
66020088,26,26,1.0
66079568,46,36,0.782608695652174
67057688,5,4,0.8
60008888,20,19,0.95
66079288,7,7,1.0
61858088,9,9,1.0
67011708,16,16,1.0
66085788,8,8,1.0
62096278,17,17,1.0
63007728,20,19,0.95
62080208,19,19,1.0
69849208,40,40,1.0
67075138,1,0,0.0
62088598,35,29,0.8285714285714286
61835118,200,0,0.0
60817358,7,6,0.8571428571428571
61887378,12,10,0.8333333333333334
62088238,42,40,0.9523809523809523
67855798,8,8,1.0
60820358,7,7,1.0
61801828,54,40,0.7407407407407407
66097708,5,5,1.0
61821098,32,32,1.0
61824308,64,64,1.0
65021198,21,21,1.0
60819178,6,6,1.0
67017528,5,5,1.0
67069918,1,1,1.0
65008678,9,7,0.7777777777777778
67021008,4,4,1.0
61880868,69,69,1.0
61824478,55,41,0.7454545454545455
61846058,31,28,0.9032258064516129
65022828,11,11,1.0
67000928,15,15,1.0
66010078,31,31,1.0
66052908,15,14,0.9333333333333333
62080928,29,29,1.0
67855718,30,27,0.9
63090118,35,34,0.9714285714285714
65011028,23,21,0.9130434782608695
62071698,4,4,1.0
61856828,76,76,1.0
62089668,39,38,0.9743589743589743
67001698,11,11,1.0
67067228,6,6,1.0
61820118,29,29,1.0
66082198,6,6,1.0
67050518,6,6,1.0
67018508,2,2,1.0
69848688,16,16,1.0
69818608,44,42,0.9545454545454546
61821728,76,76,1.0
61822358,63,63,1.0
61827558,66,66,1.0
61822308,37,37,1.0
67065288,1,1,1.0
66077238,4,4,1.0
61827758,71,69,0.971830985915493
67010758,12,11,0.9166666666666666
62080898,26,25,0.9615384615384616
67060228,4,3,0.75
69832828,25,25,1.0
63071138,51,51,1.0
67005578,16,16,1.0
60816828,50,11,0.22
63077188,61,37,0.6065573770491803
60829408,6,6,1.0
66066778,19,18,0.9473684210526315
66026608,28,28,1.0
60002868,10,10,1.0
66070668,14,13,0.9285714285714286
65052508,21,21,1.0
61815008,1,0,0.0
67027878,5,4,0.8
60828858,5,5,1.0
63091568,25,25,1.0
61831428,62,62,1.0
61806418,655,193,0.29465648854961835
60012728,47,47,1.0
67067008,0,0,
61843918,59,59,1.0
67065178,3,3,1.0
63060958,40,40,1.0
60807578,75,72,0.96
60827978,27,27,1.0
66097928,4,4,1.0
67050018,1,1,1.0
66078818,6,6,1.0
67066608,4,3,0.75
69830918,10,9,0.9
67060838,4,4,1.0
66072878,19,19,1.0
61806508,4,4,1.0
66091298,22,17,0.7727272727272727
66076798,20,20,1.0
67057288,3,3,1.0
69815268,30,30,1.0
67079278,3,3,1.0
67855728,40,40,1.0
67028588,5,5,1.0
69890928,27,27,1.0
66025228,18,18,1.0
63060898,10,10,1.0
67006518,3,3,1.0
69816458,28,28,1.0
61872958,7,5,0.7142857142857143
61824968,43,43,1.0
65027278,26,25,0.9615384615384616
60829528,31,31,1.0
60829308,34,33,0.9705882352941176
67055758,3,3,1.0
61812578,32,31,0.96875
61849388,46,43,0.9347826086956522
66066218,30,30,1.0
61825218,117,108,0.9230769230769231
61841558,77,0,0.0
61804898,20,20,1.0
66079528,20,20,1.0
66060788,26,26,1.0
63071178,15,12,0.8
63059158,24,24,1.0
67002098,9,9,1.0
60816818,40,40,1.0
62096038,27,27,1.0
61888218,30,29,0.9666666666666667
61890318,30,30,1.0
67021798,7,4,0.5714285714285714
60829568,46,46,1.0
66099058,24,24,1.0
66096168,23,22,0.9565217391304348
66052228,11,11,1.0
63065618,21,21,1.0
61860308,21,21,1.0
61860328,37,37,1.0
61866618,27,27,1.0
66079098,22,4,0.18181818181818182
60826708,5,5,1.0
62096088,29,29,1.0
69837908,27,26,0.9629629629629629
61804428,58,58,1.0
69847898,9,9,1.0
65022618,27,25,0.9259259259259259
67000188,18,17,0.9444444444444444
69825688,40,40,1.0
69873278,12,12,1.0
63070618,45,44,0.9777777777777777
65021578,15,15,1.0
61836018,146,146,1.0
61882298,116,116,1.0
61834128,66,65,0.9848484848484849
62097638,29,29,1.0
66097788,27,27,1.0
69863808,4,1,0.25
67065668,1,1,1.0
67052238,2,2,1.0
66098828,2,2,1.0
62099088,32,32,1.0
69825718,37,37,1.0
67001578,17,17,1.0
63070178,49,49,1.0
60814818,41,41,1.0
67002558,1,0,0.0
61840328,14,11,0.7857142857142857
69848758,6,6,1.0
60005058,65,44,0.676923076923077
61848978,69,67,0.9710144927536232
67002568,9,9,1.0
69812668,9,9,1.0
61867758,44,44,1.0
69885458,212,1,0.0047169811320754715
61867888,30,29,0.9666666666666667
61883898,42,42,1.0
67077638,0,0,
61844668,47,47,1.0
67015708,5,5,1.0
61804968,38,38,1.0
66071258,19,17,0.8947368421052632
60089218,53,53,1.0
61881688,10,10,1.0
88636695,14,4,0.2857142857142857
63018858,5,5,1.0
67082038,0,0,
67022218,0,0,
62079298,11,2,0.18181818181818182
62086878,4,4,1.0
66080978,8,8,1.0
61807328,13,13,1.0
69846068,74,71,0.9594594594594594
69874028,0,0,
60815058,84,29,0.34523809523809523
61856488,40,39,0.975
67096738,0,0,
69853488,10,8,0.8
67027858,1,0,0.0
66091128,17,15,0.8823529411764706
67029938,4,4,1.0
61859578,48,47,0.9791666666666666
62077008,26,24,0.9230769230769231
67002108,6,6,1.0
61874688,35,35,1.0
66025578,12,12,1.0
61834098,40,17,0.425
63055038,23,21,0.9130434782608695
67001688,14,14,1.0
67085818,1,0,0.0
63076868,45,42,0.9333333333333333
69896758,50,49,0.98
61848688,55,55,1.0
63018598,25,24,0.96
69871928,24,24,1.0
61804758,53,53,1.0
62086988,6,4,0.6666666666666666
61803298,75,73,0.9733333333333334
67075708,0,0,
62099168,1,0,0.0
61805888,89,88,0.9887640449438202
67005098,10,10,1.0
63019588,31,31,1.0
65007908,16,16,1.0
60007038,53,51,0.9622641509433962
60827108,21,21,1.0
66072728,9,9,1.0
67011298,10,9,0.9
66095528,24,23,0.9583333333333334
67020108,12,12,1.0
63005268,73,41,0.5616438356164384
69811288,44,22,0.5
69871608,24,23,0.9583333333333334
66022938,5,5,1.0
67052598,7,7,1.0
62079258,51,41,0.803921568627451
67006788,0,0,
67060908,3,3,1.0
69842758,37,37,1.0
65026028,9,9,1.0
66097578,14,14,1.0
67018208,13,12,0.9230769230769231
61895878,51,51,1.0
66069018,7,7,1.0
61822428,46,46,1.0
60817258,39,38,0.9743589743589743
63099508,3,2,0.6666666666666666
66077568,13,12,0.9230769230769231
63027678,14,12,0.8571428571428571
65026018,7,7,1.0
67025288,2,1,0.5
63021688,15,14,0.9333333333333333
63001958,18,18,1.0
67009688,10,10,1.0
63027098,30,30,1.0
69873168,19,16,0.8421052631578947
63072668,26,26,1.0
60820698,70,69,0.9857142857142858
67056168,5,4,0.8
67089928,1,0,0.0
60829658,101,99,0.9801980198019802
69858358,19,19,1.0
69897588,40,40,1.0
63095698,32,32,1.0
65008228,31,31,1.0
66069598,7,7,1.0
67015858,4,4,1.0
60010088,2,2,1.0
63082588,6,6,1.0
62095928,65,56,0.8615384615384616
66051038,13,13,1.0
61850788,53,53,1.0
69840508,0,0,
60851968,28,28,1.0
67092628,0,0,
67050828,4,3,0.75
69851528,36,36,1.0
67098738,0,0,
61881778,33,33,1.0
61889178,41,41,1.0
66052168,31,31,1.0
67095618,2,1,0.5
69815118,12,12,1.0
67009908,7,6,0.8571428571428571
66028568,12,12,1.0
65000108,29,28,0.9655172413793104
69836578,39,38,0.9743589743589743
66087508,13,13,1.0
67090518,0,0,
68000588,0,0,
66082568,31,19,0.6129032258064516
67090918,0,0,
67068958,0,0,
67027908,11,6,0.5454545454545454
67006928,5,5,1.0
67095968,0,0,
66068938,3,2,0.6666666666666666
65060818,10,10,1.0
69874008,12,7,0.5833333333333334
60830098,6,6,1.0
65012038,15,0,0.0
66068778,6,0,0.0
66068688,22,22,1.0
67056688,1,0,0.0
67060578,2,2,1.0
67081868,0,0,
66091858,6,1,0.16666666666666666
67055598,2,2,1.0
62079598,11,11,1.0
67016668,4,4,1.0
67065038,1,1,1.0
62081808,3,2,0.6666666666666666
66077228,1,1,1.0
60800018,1,0,0.0
67005768,4,1,0.25
66076058,24,20,0.8333333333333334
67020598,7,7,1.0
66085188,2,2,1.0
62097978,26,26,1.0
69827968,38,38,1.0
62091558,40,40,1.0
67065758,0,0,
69869898,31,31,1.0
66022128,25,23,0.92
67021618,1,1,1.0
67021278,2,1,0.5
62067128,12,11,0.9166666666666666
62085508,13,13,1.0
60000198,34,34,1.0
67078278,0,0,
67007898,6,6,1.0
66020078,19,19,1.0
67020578,2,2,1.0
61860798,38,38,1.0
67012838,16,16,1.0
67058968,11,6,0.5454545454545454
66098778,6,6,1.0
61844898,13,3,0.23076923076923078
60809258,16,12,0.75
61826068,42,42,1.0
69862888,4,4,1.0
61849178,88,78,0.8863636363636364
62071868,71,64,0.9014084507042254
67068188,2,2,1.0
61897828,16,8,0.5
66881878,45,43,0.9555555555555556
67059128,3,3,1.0
60806758,64,59,0.921875
65019758,29,27,0.9310344827586207
72788881,10,0,0.0
67086168,0,0,
61812028,75,73,0.9733333333333334
65019568,35,26,0.7428571428571429
67065688,0,0,
67008278,5,5,1.0
66080788,9,9,1.0
67056568,3,3,1.0
66071218,15,11,0.7333333333333333
67008888,8,8,1.0
66097228,22,8,0.36363636363636365
62085588,43,43,1.0
60012988,36,27,0.75
66098958,16,16,1.0
66051668,31,31,1.0
69885418,67,64,0.9552238805970149
67059608,5,5,1.0
67058558,8,8,1.0
67027698,4,4,1.0
67002638,6,6,1.0
61825088,27,26,0.9629629629629629
61877968,27,27,1.0
61861878,48,45,0.9375
61851328,42,41,0.9761904761904762
63076688,2,1,0.5
69889408,20,19,0.95
63015138,8,0,0.0
61842828,59,59,1.0
66097018,26,26,1.0
69802588,40,36,0.9
67008068,10,10,1.0
63071738,17,13,0.7647058823529411
67058888,3,3,1.0
61807428,32,24,0.75
65015618,53,53,1.0
67079058,0,0,
61891208,51,51,1.0
61808168,25,17,0.68
66051658,35,35,1.0
66050778,36,36,1.0
67068638,0,0,
67029898,5,4,0.8
67058898,3,3,1.0
61825858,51,51,1.0
65059908,8,8,1.0
69844798,15,15,1.0
67058838,3,3,1.0
66095958,4,4,1.0
69879508,30,30,1.0
62090878,34,32,0.9411764705882353
61846088,22,22,1.0
63069278,14,14,1.0
67079678,2,0,0.0
66061608,5,3,0.6
60000988,5,1,0.2
60006568,16,16,1.0
69844108,9,9,1.0
60825288,4,4,1.0
60825298,3,3,1.0
68844788,5,5,1.0
65018578,12,12,1.0
65019868,16,12,0.75
62080128,11,7,0.6363636363636364
67070808,1,0,0.0
63065608,25,22,0.88
61826578,10,7,0.7
68680209,13,13,1.0
60800098,29,12,0.41379310344827586
66092728,0,0,
60827768,21,14,0.6666666666666666
66099658,45,0,0.0
60016768,2,2,1.0
61891298,49,49,1.0
60811318,48,48,1.0
67028178,2,2,1.0
67000778,1,1,1.0
61880668,37,37,1.0
60801688,11,11,1.0
67019898,3,2,0.6666666666666666
66075908,3,3,1.0
66089608,12,8,0.6666666666666666
63057288,4,4,1.0
67061628,0,0,
65020058,1,0,0.0
66098008,3,0,0.0
67010138,13,13,1.0
61826718,25,25,1.0
67012958,2,2,1.0
63050618,18,16,0.8888888888888888
60016678,32,32,1.0
67029878,3,3,1.0
66070078,6,6,1.0
61803418,13,13,1.0
62840178,22,22,1.0
65026728,11,11,1.0
63080908,55,40,0.7272727272727273
67009888,4,4,1.0
62095718,34,29,0.8529411764705882
67000058,4,4,1.0
66077698,2,1,0.5
61872558,70,70,1.0
61829368,43,40,0.9302325581395349
60813178,24,24,1.0
66077078,3,3,1.0
60800108,24,24,1.0
19860923,29,24,0.8275862068965517
67068738,2,2,1.0
67010808,1,0,0.0
66081758,23,3,0.13043478260869565
63071638,23,16,0.6956521739130435
62096078,16,16,1.0
61801418,215,61,0.2837209302325581
60818258,15,15,1.0
61850178,51,45,0.8823529411764706
61834458,23,23,1.0
69838318,34,34,1.0
61832498,65,65,1.0
67019528,8,7,0.875
61846968,68,68,1.0
68843158,73,26,0.3561643835616438
60010588,3,2,0.6666666666666666
67008678,5,3,0.6
61895488,52,52,1.0
61825828,127,1,0.007874015748031496
66098808,7,7,1.0
61826658,1,1,1.0
60818518,34,25,0.7352941176470589
63065838,19,19,1.0
61869198,95,69,0.7263157894736842
61832308,68,68,1.0
65060678,44,23,0.5227272727272727
62091928,44,18,0.4090909090909091
61805388,23,22,0.9565217391304348
67000218,10,10,1.0
61840058,27,27,1.0
69842198,41,40,0.975609756097561
67028198,6,5,0.8333333333333334
67051068,5,4,0.8
65019718,35,35,1.0
60001668,44,6,0.13636363636363635
62096118,23,23,1.0
60820418,15,15,1.0
67079808,1,0,0.0
65089628,4,1,0.25
67025198,4,4,1.0
67027758,3,3,1.0
63015168,31,31,1.0
67020588,16,16,1.0
62089698,61,24,0.39344262295081966
61852928,52,52,1.0
67021868,4,4,1.0
61861868,22,22,1.0
66096868,0,0,
61842518,45,45,1.0
61834678,16,15,0.9375
62089678,69,36,0.5217391304347826
62089588,49,30,0.6122448979591837
69872398,49,28,0.5714285714285714
67010978,8,8,1.0
66072758,9,8,0.8888888888888888
66069038,23,23,1.0
66075058,35,35,1.0
67010178,1,1,1.0
61820828,1,1,1.0
67002298,1,0,0.0
66029938,5,5,1.0
66071288,2,1,0.5
67065828,2,2,1.0
62069618,18,18,1.0
62069638,18,18,1.0
62061698,18,18,1.0
62061718,22,22,1.0
62070078,24,24,1.0
62075258,20,20,1.0
62069668,23,23,1.0
69809968,11,11,1.0
66072268,3,3,1.0
62075598,8,8,1.0
69887158,10,10,1.0
67008788,9,8,0.8888888888888888
67028158,3,3,1.0
63091618,5,5,1.0
62081588,8,1,0.125
67029808,2,2,1.0
67050718,3,3,1.0
67050078,5,5,1.0
68840728,36,36,1.0
61854318,45,43,0.9555555555555556
67028028,7,6,0.8571428571428571
69802498,14,10,0.7142857142857143
67028238,2,2,1.0
65019988,17,17,1.0
67066528,2,2,1.0
61896478,26,25,0.9615384615384616
67028298,4,4,1.0
67856698,34,34,1.0
67059168,0,0,
63070538,0,0,
63079178,22,19,0.8636363636363636
67021638,15,12,0.8
69861468,9,8,0.8888888888888888
61851778,56,56,1.0
69880858,16,13,0.8125
61802578,31,31,1.0
65021138,17,16,0.9411764705882353
69854228,20,20,1.0
67027688,10,6,0.6
61853898,11,10,0.9090909090909091
61890008,28,26,0.9285714285714286
66077508,1,1,1.0
69809768,8,7,0.875
63075198,46,46,1.0
63077858,28,28,1.0
61806518,86,70,0.813953488372093
63098218,37,35,0.9459459459459459
69824278,40,5,0.125
65050288,17,3,0.17647058823529413
61804678,41,41,1.0
63088078,28,27,0.9642857142857143
62077238,24,21,0.875
67067118,1,1,1.0
66025188,22,22,1.0
62099718,33,25,0.7575757575757576
61802898,164,98,0.5975609756097561
63066268,16,9,0.5625
66019818,21,21,1.0
61824358,42,42,1.0
61804308,18,17,0.9444444444444444
67057578,7,6,0.8571428571428571
61807808,373,99,0.26541554959785524
65009818,64,5,0.078125
67080558,1,0,0.0
60828898,61,60,0.9836065573770492
61834078,23,23,1.0
61848858,27,27,1.0
61852628,35,34,0.9714285714285714
66089908,3,1,0.3333333333333333
69886998,48,48,1.0
61833798,33,5,0.15151515151515152
65017688,15,15,1.0
33946889,14,14,1.0
62081878,55,51,0.9272727272727272
63027038,38,38,1.0
60015118,48,48,1.0
61840778,49,46,0.9387755102040817
60807518,1,0,0.0
67011798,10,9,0.9
67810588,45,44,0.9777777777777777
63072988,27,27,1.0
67856058,42,29,0.6904761904761905
67021718,11,10,0.9090909090909091
62082068,34,33,0.9705882352941176
63008888,33,31,0.9393939393939394
61807708,42,42,1.0
66072658,14,14,1.0
61805318,12,9,0.75
60016808,1,1,1.0
66071578,12,12,1.0
67089208,0,0,
61871808,51,50,0.9803921568627451
66098898,13,13,1.0
65058128,33,33,1.0
60005098,15,13,0.8666666666666667
67057788,9,9,1.0
66096928,14,14,1.0
61891668,60,38,0.6333333333333333
67816798,48,45,0.9375
63067608,1,0,0.0
67022558,5,3,0.6
67025758,5,4,0.8
68842728,11,0,0.0
69881018,18,16,0.8888888888888888
66028798,2,2,1.0
69861668,38,38,1.0
67025888,1,0,0.0
61874908,5,5,1.0
65016998,9,9,1.0
65022958,11,11,1.0
67065298,2,1,0.5
67008658,8,8,1.0
66099118,16,16,1.0
61862128,25,25,1.0
67065578,2,1,0.5
62086778,26,26,1.0
66092978,9,0,0.0
67056508,2,2,1.0
67029558,6,5,0.8333333333333334
67026668,3,3,1.0
65010808,16,12,0.75
62080098,14,14,1.0
67008008,4,4,1.0
67813018,91,16,0.17582417582417584
63069978,19,19,1.0
67056798,11,10,0.9090909090909091
65028988,25,25,1.0
67001558,11,11,1.0
69839678,55,52,0.9454545454545454
66055208,16,13,0.8125
65008808,19,16,0.8421052631578947
67075218,1,0,0.0
67056598,5,5,1.0
67022758,1,1,1.0
61864688,21,21,1.0
66069538,6,6,1.0
65075998,21,21,1.0
61813358,21,21,1.0
61813558,21,21,1.0
69898808,25,15,0.6
67067508,6,6,1.0
67008518,11,9,0.8181818181818182
67000128,9,9,1.0
61856028,1372,4,0.0029154518950437317
67025918,5,5,1.0
89318150,11,11,1.0
61868718,16,16,1.0
67052108,5,5,1.0
60818568,23,23,1.0
69896528,29,29,1.0
63089068,21,21,1.0
69870888,28,28,1.0
67021808,9,9,1.0
67022768,2,2,1.0
66066768,12,12,1.0
69838518,60,59,0.9833333333333333
69820658,31,23,0.7419354838709677
67029788,5,4,0.8
65018128,21,21,1.0
67077828,0,0,
67010298,56,0,0.0
65082578,43,42,0.9767441860465116
63079808,50,46,0.92
67029918,6,5,0.8333333333333334
63067028,4,4,1.0
63009528,44,44,1.0
67066838,0,0,
65009978,9,9,1.0
63090988,34,33,0.9705882352941176
67058688,4,3,0.75
67009968,13,13,1.0
66076698,13,13,1.0
62091228,32,31,0.96875
69893333,2,2,1.0
66066968,5,5,1.0
66025838,28,28,1.0
67009828,11,11,1.0
62089508,72,52,0.7222222222222222
61808308,715,134,0.1874125874125874
61827368,30,30,1.0
65012298,30,30,1.0
63078208,24,24,1.0
60018908,30,30,1.0
61834528,6,0,0.0
63018928,12,12,1.0
66019558,21,19,0.9047619047619048
61835718,36,36,1.0
66061288,14,14,1.0
67015578,7,7,1.0
69852028,22,21,0.9545454545454546
63060538,26,18,0.6923076923076923
67051738,2,2,1.0
66050838,29,29,1.0
60008078,13,11,0.8461538461538461
61804668,228,69,0.3026315789473684
67022288,9,9,1.0
66087728,21,21,1.0
67057868,1,1,1.0
67052958,2,1,0.5
61822468,65,65,1.0
63096918,11,10,0.9090909090909091
61823468,1,1,1.0
66090638,6,5,0.8333333333333334
63015128,9,3,0.3333333333333333
69811618,33,20,0.6060606060606061
61847008,48,48,1.0
61808098,24,1,0.041666666666666664
66019918,6,6,1.0
66020858,207,3,0.014492753623188406
65006928,6,6,1.0
61805598,45,45,1.0
65009138,21,19,0.9047619047619048
60820678,29,29,1.0
60820108,45,45,1.0
60800058,11,8,0.7272727272727273
62051118,29,13,0.4482758620689655
66090708,5,5,1.0
67025658,3,3,1.0
61835288,22,21,0.9545454545454546
61878468,32,32,1.0
67001208,5,5,1.0
69844068,77,48,0.6233766233766234
67011108,6,6,1.0
66091228,4,4,1.0
61870068,17,17,1.0
33333333,6,3,0.5
62087938,64,63,0.984375
61897928,34,25,0.7352941176470589
66078518,1,1,1.0
66099508,20,14,0.7
67057278,2,1,0.5
65020778,18,18,1.0
61854188,35,35,1.0
69832298,20,19,0.95
61888798,2,2,1.0
67065508,4,4,1.0
61804988,25,6,0.24
61877228,32,32,1.0
67005598,1,0,0.0
63000958,12,9,0.75
68831678,38,34,0.8947368421052632
66022028,14,14,1.0
67012078,7,7,1.0
61820188,50,50,1.0
61823018,53,51,0.9622641509433962
60818068,26,26,1.0
62075528,42,42,1.0
69869998,5,4,0.8
65081878,16,8,0.5
61811000,1,1,1.0
60814998,5,5,1.0
69897988,43,42,0.9767441860465116
62096868,21,21,1.0
63067518,36,36,1.0
69812568,54,1,0.018518518518518517
60822478,9,0,0.0
67029618,3,3,1.0
60802128,29,29,1.0
61849278,44,44,1.0
66017888,30,30,1.0
63066788,29,28,0.9655172413793104
61895208,2,2,1.0
67025988,7,7,1.0
69852608,11,11,1.0
62097068,26,24,0.9230769230769231
62091178,28,28,1.0
65025918,24,15,0.625
63089698,2,0,0.0
63086588,8,8,1.0
67062838,2,2,1.0
61857328,58,55,0.9482758620689655
69847188,37,35,0.9459459459459459
65022888,40,40,1.0
61857178,16,16,1.0
61828858,13,13,1.0
65050078,36,36,1.0
65025818,14,13,0.9285714285714286
66079618,17,16,0.9411764705882353
67061778,3,2,0.6666666666666666
63061558,33,33,1.0
67018758,11,11,1.0
69851428,8,8,1.0
68841288,3,3,1.0
69869408,47,46,0.9787234042553191
65022868,35,34,0.9714285714285714
66097118,16,16,1.0
66062638,7,7,1.0
69853288,37,37,1.0
63056258,27,26,0.9629629629629629
65025228,40,38,0.95
61851188,32,32,1.0
67005238,7,6,0.8571428571428571
67028058,2,2,1.0
66020698,38,38,1.0
60828508,33,33,1.0
67061798,4,3,0.75
66092778,7,7,1.0
62089528,31,31,1.0
67077118,1,1,1.0
67002588,12,12,1.0
63086738,51,49,0.9607843137254902
63078788,34,34,1.0
67052678,9,8,0.8888888888888888
67001238,5,5,1.0
67005718,8,8,1.0
60820278,52,51,0.9807692307692307
67005728,9,9,1.0
62089818,29,29,1.0
67026928,1,0,0.0
61822618,33,33,1.0
66096128,23,23,1.0
66070028,26,24,0.9230769230769231
69864818,35,29,0.8285714285714286
61841228,27,17,0.6296296296296297
65022158,14,14,1.0
61833408,32,29,0.90625
66089058,6,6,1.0
61855688,16,15,0.9375
69864398,50,50,1.0
67067688,1,1,1.0
65019138,21,20,0.9523809523809523
66096088,35,9,0.2571428571428571
67002118,10,10,1.0
67000178,17,17,1.0
61820888,57,51,0.8947368421052632
67026208,3,3,1.0
67060678,4,4,1.0
66072978,5,5,1.0
60018678,31,19,0.6129032258064516
67025898,3,3,1.0
67007918,0,0,
67020158,3,2,0.6666666666666666
61849588,94,72,0.7659574468085106
60801558,14,13,0.9285714285714286
60818398,53,53,1.0
66029768,25,25,1.0
69875468,43,42,0.9767441860465116
61832778,48,45,0.9375
67009588,6,6,1.0
67007868,1,1,1.0
67853488,17,7,0.4117647058823529
63086818,14,12,0.8571428571428571
61849688,38,38,1.0
61882908,28,2,0.07142857142857142
60008918,37,37,1.0
61873198,29,29,1.0
61823088,66,49,0.7424242424242424
66029268,26,1,0.038461538461538464
66086988,4,3,0.75
63068678,10,0,0.0
88881129,16,6,0.375
66029028,20,19,0.95
66026258,16,15,0.9375
20171101,74,48,0.6486486486486487
66099898,10,10,1.0
69859918,4,4,1.0
66069958,7,3,0.42857142857142855
66089738,7,7,1.0
65011078,3,3,1.0
63077698,20,17,0.85
67060888,2,2,1.0
67050878,3,3,1.0
68841058,52,52,1.0
66085018,2,2,1.0
65029818,27,26,0.9629629629629629
67062758,2,2,1.0
67810658,26,20,0.7692307692307693
67025638,1,1,1.0
66020638,19,19,1.0
68844168,44,44,1.0
67020868,1,1,1.0
65009938,23,23,1.0
69842398,47,47,1.0
69855818,10,10,1.0
66893718,222,110,0.4954954954954955
66050228,28,22,0.7857142857142857
61825208,41,41,1.0
69830858,50,32,0.64
67016588,8,8,1.0
61834918,20,13,0.65
66888728,39,0,0.0
63099278,22,21,0.9545454545454546
61871798,51,50,0.9803921568627451
65016128,20,20,1.0
61874918,49,36,0.7346938775510204
69886708,49,47,0.9591836734693877
69828598,2,1,0.5
61807098,62,46,0.7419354838709677
62075028,13,13,1.0
67012118,5,5,1.0
66061878,3,3,1.0
61859528,8,6,0.75
62092668,23,16,0.6956521739130435
69892828,23,15,0.6521739130434783
66050038,2,2,1.0
60085268,46,46,1.0
69828108,106,56,0.5283018867924528
67810458,2,2,1.0
67006668,16,16,1.0
61866918,29,29,1.0
67012968,4,3,0.75
61891488,13,13,1.0
61890928,30,30,1.0
67012028,4,4,1.0
61828508,24,24,1.0
60820118,40,36,0.9
67062568,0,0,
67071558,1,1,1.0
66075688,6,6,1.0
66027008,19,15,0.7894736842105263
65089218,7,7,1.0
61824508,140,88,0.6285714285714286
63025278,147,43,0.2925170068027211
65057228,27,27,1.0
67012568,12,12,1.0
67001798,26,26,1.0
61802908,11,11,1.0
67072058,0,0,
63089578,16,16,1.0
62070628,64,61,0.953125
61829078,14,14,1.0
63067508,20,20,1.0
61835728,24,24,1.0
62001008,10,9,0.9
65026208,11,11,1.0
65075898,10,5,0.5
61864328,41,35,0.8536585365853658
61827028,51,51,1.0
69810568,32,30,0.9375
61875288,30,30,1.0
67017058,11,11,1.0
67017668,8,8,1.0
66022528,8,6,0.75
66067218,23,20,0.8695652173913043
66075038,3,3,1.0
62076638,29,28,0.9655172413793104
66075218,3,3,1.0
65025868,10,10,1.0
67000738,2,2,1.0
66099768,6,6,1.0
61804598,138,115,0.8333333333333334
67051618,9,8,0.8888888888888888
61824398,54,54,1.0
66072078,15,15,1.0
67005508,12,9,0.75
67016278,4,3,0.75
67071038,2,1,0.5
69892228,17,17,1.0
61829028,38,38,1.0
61849918,43,43,1.0
67000958,10,10,1.0
66097588,9,9,1.0
66066298,25,25,1.0
66052998,16,16,1.0
67028258,0,0,
61821128,25,25,1.0
67020078,1,1,1.0
69852688,23,20,0.8695652173913043
60812668,33,33,1.0
65060528,12,12,1.0
66066888,11,11,1.0
67022958,2,2,1.0
69830228,139,10,0.07194244604316546
66076838,10,10,1.0
61894758,58,55,0.9482758620689655
60826618,71,49,0.6901408450704225
61851298,21,21,1.0
61868788,13,13,1.0
65002268,28,28,1.0
67068538,2,1,0.5
65020018,28,28,1.0
61854688,18,18,1.0
61829668,24,24,1.0
61855288,18,18,1.0
67007608,4,4,1.0
61804228,12,12,1.0
61844758,8,6,0.75
61850158,37,37,1.0
67021688,8,7,0.875
61874428,24,24,1.0
66095118,26,26,1.0
69850478,21,21,1.0
67010028,13,13,1.0
66098788,7,7,1.0
67062538,1,0,0.0
61802788,82,81,0.9878048780487805
63087678,21,21,1.0
61831768,23,23,1.0
60829208,31,31,1.0
63060138,21,21,1.0
67000618,22,22,1.0
65011818,6,6,1.0
62088788,52,48,0.9230769230769231
60812128,25,25,1.0
61879628,44,44,1.0
61831078,76,33,0.4342105263157895
61832758,39,36,0.9230769230769231
66051288,14,14,1.0
60830328,36,36,1.0
61860368,30,30,1.0
61826218,45,45,1.0
66068828,14,14,1.0
69839168,19,19,1.0
61869058,91,83,0.9120879120879121
61831778,26,26,1.0
67062598,2,1,0.5
69872168,13,10,0.7692307692307693
63025038,34,34,1.0
61831328,22,21,0.9545454545454546
61824818,54,53,0.9814814814814815
67015628,6,6,1.0
67000818,20,20,1.0
63009638,10,8,0.8
63001288,9,9,1.0
61827858,48,44,0.9166666666666666
66081778,11,10,0.9090909090909091
66028558,34,32,0.9411764705882353
65018228,25,25,1.0
61880198,5,5,1.0
65055538,8,8,1.0
60818708,10,10,1.0
62068878,14,14,1.0
65010088,6,6,1.0
63096538,25,25,1.0
18669555,4,4,1.0
60845788,10,10,1.0
61832568,37,36,0.972972972972973
62888188,11,11,1.0
60848968,15,15,1.0
66892398,9,9,1.0
63068028,13,1,0.07692307692307693
62055098,24,24,1.0
67028538,7,6,0.8571428571428571
62099898,11,11,1.0
63069108,33,33,1.0
62075208,0,0,
66085208,15,15,1.0
63022698,11,11,1.0
61859198,15,13,0.8666666666666667
67026108,1,1,1.0
67066288,4,3,0.75
66090828,10,10,1.0
66091288,2,2,1.0
63008078,8,8,1.0
61894858,4,3,0.75
66077988,6,6,1.0
69843018,1,0,0.0
67029288,1,1,1.0
67025878,1,1,1.0
63079688,5,5,1.0
61841988,49,49,1.0
69896178,33,25,0.7575757575757576
61840688,12,12,1.0
63025288,73,61,0.8356164383561644
61824858,35,34,0.9714285714285714
69835198,4,2,0.5
67069738,1,0,0.0
63081278,28,24,0.8571428571428571
61807668,54,54,1.0
69890528,16,13,0.8125
61854378,66,62,0.9393939393939394
66089998,116,34,0.29310344827586204
61805428,64,63,0.984375
60818368,17,17,1.0
67022668,8,8,1.0
67059268,1,1,1.0
66082858,6,6,1.0
66016728,16,2,0.125
63068828,22,1,0.045454545454545456
63087988,12,8,0.6666666666666666
67061678,3,3,1.0
67000288,6,6,1.0
66085078,9,9,1.0
62080658,2,2,1.0
67069078,2,1,0.5
67028808,51,7,0.13725490196078433
65017798,6,5,0.8333333333333334
60808118,83,44,0.5301204819277109
65015088,23,23,1.0
63077058,38,37,0.9736842105263158
61891058,20,19,0.95
66051218,4,2,0.5
69802568,1,1,1.0
66667878,6,1,0.16666666666666666
62098978,26,16,0.6153846153846154
61835808,84,56,0.6666666666666666
67000688,9,3,0.3333333333333333
69861888,9,9,1.0
62069828,6,4,0.6666666666666666
67015808,1,0,0.0
67016658,3,3,1.0
67000538,22,22,1.0
60815208,14,5,0.35714285714285715
65009128,16,16,1.0
61847368,50,3,0.06
66025798,19,19,1.0
60806488,18,18,1.0
67815518,42,42,1.0
61822328,30,30,1.0
61841488,60,59,0.9833333333333333
60828418,72,68,0.9444444444444444
62092888,46,46,1.0
61812998,369,143,0.3875338753387534
66097888,12,12,1.0
60852078,50,49,0.98
67056618,1,0,0.0
20081218,42,24,0.5714285714285714
88880008,109,74,0.6788990825688074
20070608,133,80,0.6015037593984962
61847288,13,10,0.7692307692307693
67067288,2,2,1.0
67050228,5,3,0.6
65889998,19,19,1.0
66061228,14,14,1.0
69841658,8,7,0.875
63078868,29,27,0.9310344827586207
61874558,84,83,0.9880952380952381
67026008,6,6,1.0
62008178,14,14,1.0
61896858,0,0,
69859658,39,39,1.0
67026988,5,4,0.8
67058778,1,0,0.0
61891018,45,45,1.0
62088068,52,50,0.9615384615384616
61872468,6,6,1.0
67015778,1,1,1.0
67026158,4,4,1.0
61855578,62,60,0.967741935483871
61823568,19,17,0.8947368421052632
66089168,7,3,0.42857142857142855
66008638,3,3,1.0
66029298,5,5,1.0
62089878,23,23,1.0
60824208,26,26,1.0
61827658,83,82,0.9879518072289156
61840798,57,57,1.0
61828698,14,14,1.0
61862598,35,33,0.9428571428571428
61855718,39,39,1.0
61824198,69,67,0.9710144927536232
69886568,3,3,1.0
69869218,17,17,1.0
65019058,1,0,0.0
63069118,3,0,0.0
61807798,44,44,1.0
61807688,32,32,1.0
61807558,44,44,1.0
61807598,42,42,1.0
61810988,52,51,0.9807692307692307
61807908,60,60,1.0
61829598,29,29,1.0
69888078,31,31,1.0
61882108,8,8,1.0
63066988,23,16,0.6956521739130435
60805988,34,34,1.0
61857098,44,44,1.0
61854228,32,32,1.0
67051678,1,0,0.0
61866688,7,6,0.8571428571428571
63002588,21,21,1.0
66029118,12,12,1.0
68843798,36,36,1.0
61800858,9,8,0.8888888888888888
60801478,5,5,1.0
60808508,3,3,1.0
61887988,41,41,1.0
67017998,3,3,1.0
61821458,44,26,0.5909090909090909
67065078,2,2,1.0
61852108,14,14,1.0
66050258,24,24,1.0
66069678,6,6,1.0
65018918,5,5,1.0
66026538,4,4,1.0
61830918,43,40,0.9302325581395349
61853058,22,21,0.9545454545454546
69851118,50,49,0.98
67056658,3,3,1.0
60805878,13,12,0.9230769230769231
63090968,56,53,0.9464285714285714
60009168,63,63,1.0
61830688,48,48,1.0
61830618,61,61,1.0
60822658,43,38,0.8837209302325582
67028728,2,2,1.0
65027178,15,15,1.0
60829918,25,25,1.0
60827928,34,32,0.9411764705882353
61846618,44,42,0.9545454545454546
61830598,34,34,1.0
60822988,11,0,0.0
61848398,26,26,1.0
60827958,44,40,0.9090909090909091
65052678,41,8,0.1951219512195122
62015878,18,17,0.9444444444444444
61876508,86,60,0.6976744186046512
61859158,46,46,1.0
69824798,3,3,1.0
66061818,16,16,1.0
60822728,3,3,1.0
61833728,16,14,0.875
66052218,8,8,1.0
60816768,222,95,0.42792792792792794
66069728,19,18,0.9473684210526315
60815008,53,45,0.8490566037735849
61804498,55,53,0.9636363636363636
61806998,44,44,1.0
60817198,56,56,1.0
65059288,38,21,0.5526315789473685
61807318,37,37,1.0
61807488,34,34,1.0
66090568,11,11,1.0
65011738,13,12,0.9230769230769231
63095598,11,7,0.6363636363636364
91499798,32,13,0.40625
63025208,27,27,1.0
65016928,6,6,1.0
66071268,2,2,1.0
63000898,22,18,0.8181818181818182
67029258,4,3,0.75
65052768,25,24,0.96
66071938,42,28,0.6666666666666666
61810678,5,3,0.6
63081998,15,12,0.8
66081108,12,11,0.9166666666666666
66052718,15,12,0.8
61805828,6,6,1.0
66077098,8,8,1.0
65008878,4,3,0.75
65082738,18,18,1.0
60803878,32,32,1.0
67006208,15,15,1.0
63076738,16,16,1.0
61859558,26,26,1.0
65025018,24,24,1.0
67006628,2,2,1.0
67016918,3,2,0.6666666666666666
67007968,12,12,1.0
63022928,29,29,1.0
67009198,10,10,1.0
62092978,22,22,1.0
61849858,69,65,0.9420289855072463
66021628,39,37,0.9487179487179487
66071518,15,15,1.0
60017528,61,61,1.0
62081028,63,60,0.9523809523809523
69855618,38,32,0.8421052631578947
65017298,20,10,0.5
61870858,46,46,1.0
61812188,34,34,1.0
61860688,60,55,0.9166666666666666
60817978,38,38,1.0
61812088,53,53,1.0
63071608,23,23,1.0
61847398,46,46,1.0
62079998,20,20,1.0
62021628,28,28,1.0
61861808,43,43,1.0
69838258,32,32,1.0
66075978,17,17,1.0
61803008,61,61,1.0
66069768,17,17,1.0
67066138,0,0,
67011608,6,6,1.0
60821178,25,25,1.0
61806228,58,58,1.0
61807608,67,63,0.9402985074626866
61866078,45,45,1.0
67017538,3,3,1.0
61811088,56,56,1.0
61829888,34,34,1.0
62080008,27,27,1.0
60825528,34,34,1.0
69862488,47,45,0.9574468085106383
60821328,39,39,1.0
60012218,43,41,0.9534883720930233
67062708,2,2,1.0
63091698,30,30,1.0
65001678,27,26,0.9629629629629629
67022598,5,5,1.0
63089268,19,15,0.7894736842105263
63077828,10,10,1.0
61860258,50,47,0.94
67010018,1,1,1.0
67025238,4,3,0.75
66028768,13,12,0.9230769230769231
66078558,0,0,
67025228,8,5,0.625
60812618,31,31,1.0
61825008,58,58,1.0
60005558,27,25,0.9259259259259259
62069768,22,21,0.9545454545454546
60810078,35,35,1.0
63090758,8,8,1.0
67022828,4,4,1.0
67018858,2,2,1.0
67021608,1,1,1.0
61373066,1,1,1.0
65056198,31,31,1.0
67001658,17,17,1.0
65026808,19,19,1.0
66070198,8,8,1.0
65025208,15,15,1.0
61832418,39,37,0.9487179487179487
61834228,38,24,0.631578947368421
61850668,76,74,0.9736842105263158
65025758,19,19,1.0
61825508,53,53,1.0
69895718,64,64,1.0
63019118,35,35,1.0
61825518,65,65,1.0
60830118,30,27,0.9
65077238,42,34,0.8095238095238095
66079758,12,4,0.3333333333333333
66018078,3,3,1.0
61829208,16,16,1.0
61827218,49,49,1.0
65072518,22,19,0.8636363636363636
66029608,3,3,1.0
67007178,5,5,1.0
61821968,28,27,0.9642857142857143
65075038,7,6,0.8571428571428571
61890018,9,7,0.7777777777777778
61835998,29,10,0.3448275862068966
67055088,5,4,0.8
61858018,36,31,0.8611111111111112
67059888,5,4,0.8
66061778,3,3,1.0
65012538,20,20,1.0
66070698,1,1,1.0
66061728,4,4,1.0
69852708,4,0,0.0
67017078,9,9,1.0
61889298,103,99,0.9611650485436893
61822588,76,76,1.0
67005088,6,0,0.0
62089568,75,66,0.88
61879178,26,26,1.0
61827088,64,64,1.0
60008718,29,27,0.9310344827586207
67008038,0,0,
61857928,55,52,0.9454545454545454
61883428,47,47,1.0
61830428,34,34,1.0
67000118,25,25,1.0
66019718,12,12,1.0
65088638,30,30,1.0
66079128,6,6,1.0
65008938,42,42,1.0
61889968,25,23,0.92
69814328,16,16,1.0
67029188,5,5,1.0
66052578,4,3,0.75
61842658,44,44,1.0
65055138,11,10,0.9090909090909091
65058628,28,27,0.9642857142857143
66027768,4,3,0.75
67810278,15,15,1.0
65002908,35,35,1.0
61813268,210,174,0.8285714285714286
61876498,71,56,0.7887323943661971
61892818,24,24,1.0
67029118,10,5,0.5
66085978,3,3,1.0
61852888,48,48,1.0
63021868,15,13,0.8666666666666667
66051118,5,4,0.8
63067968,12,10,0.8333333333333334
67026568,9,9,1.0
62071618,18,18,1.0
60812978,43,42,0.9767441860465116
67056838,1,1,1.0
62091838,54,1,0.018518518518518517
66078138,6,5,0.8333333333333334
62092618,18,18,1.0
61883668,33,30,0.9090909090909091
67015298,9,9,1.0
66086188,4,3,0.75
66081578,9,7,0.7777777777777778
66070968,5,5,1.0
61899498,62,62,1.0
62086958,57,57,1.0
63067828,12,12,1.0
61812618,36,36,1.0
61827158,22,22,1.0
69868088,19,14,0.7368421052631579
66078898,24,24,1.0
65017058,12,12,1.0
63061878,59,39,0.6610169491525424
65009058,17,17,1.0
69885668,62,60,0.967741935483871
69815368,10,10,1.0
62087088,19,19,1.0
62055798,9,9,1.0
67818108,80,31,0.3875
66021598,8,1,0.125
63072678,9,8,0.8888888888888888
65028078,37,33,0.8918918918918919
62081228,27,25,0.9259259259259259
63057058,58,55,0.9482758620689655
63082678,13,6,0.46153846153846156
61828988,76,73,0.9605263157894737
65010228,28,27,0.9642857142857143
67061288,4,3,0.75
65060258,25,23,0.92
65018598,7,5,0.7142857142857143
67017268,15,15,1.0
61825928,46,46,1.0
69835268,42,42,1.0
62088058,44,40,0.9090909090909091
62052998,29,27,0.9310344827586207
61897158,89,69,0.7752808988764045
60016138,46,45,0.9782608695652174
62080888,26,25,0.9615384615384616
65018528,29,27,0.9310344827586207
66029958,18,18,1.0
66066188,74,42,0.5675675675675675
67006658,8,8,1.0
61823488,52,52,1.0
65020528,13,1,0.07692307692307693
61807958,106,89,0.839622641509434
61812108,4,3,0.75
67018218,4,4,1.0
66098938,11,10,0.9090909090909091
66068908,9,9,1.0
62095508,38,38,1.0
69834178,47,47,1.0
67012108,13,13,1.0
63066758,38,38,1.0
66062288,14,14,1.0
69825288,66,66,1.0
65021868,13,13,1.0
69824728,78,65,0.8333333333333334
67055838,4,4,1.0
61832398,52,52,1.0
63099038,30,30,1.0
65022268,16,3,0.1875
60010718,6,6,1.0
61823078,250,0,0.0
66092058,2,2,1.0
60800918,44,44,1.0
69890108,9,9,1.0
69884888,38,38,1.0
59352575,7,4,0.5714285714285714
66020678,26,26,1.0
60016858,4,4,1.0
66082298,5,5,1.0
61846588,8,7,0.875
66068018,5,5,1.0
67002698,2,2,1.0
65009168,28,27,0.9642857142857143
67027298,3,3,1.0
69860608,20,20,1.0
67015978,0,0,
61852318,16,16,1.0
62076128,51,40,0.7843137254901961
66075698,10,9,0.9
62077178,35,1,0.02857142857142857
63067628,66,64,0.9696969696969697
65026868,50,48,0.96
69874398,5,4,0.8
63097858,4,3,0.75
63068798,1,0,0.0
63001178,14,14,1.0
63080938,9,9,1.0
60807968,7,2,0.2857142857142857
65021708,4,4,1.0
61824368,22,22,1.0
67028608,1,1,1.0
66018708,9,9,1.0
63075858,27,0,0.0
66072628,28,20,0.7142857142857143
62099518,31,31,1.0
62099628,20,20,1.0
62097818,34,33,0.9705882352941176
62098918,26,26,1.0
63071768,7,6,0.8571428571428571
62097178,7,2,0.2857142857142857
69891988,16,16,1.0
66051958,8,8,1.0
67019698,0,0,
63069628,12,0,0.0
61885118,20,20,1.0
63009628,29,25,0.8620689655172413
63089858,40,37,0.925
54458866,5,3,0.6
60002738,25,25,1.0
67057798,1,1,1.0
66026818,75,0,0.0
67817988,75,75,1.0
66020658,13,13,1.0
66081528,24,21,0.875
67007198,5,5,1.0
69801028,11,10,0.9090909090909091
62022828,159,45,0.2830188679245283
63081578,24,24,1.0
61801658,188,18,0.09574468085106383
69836128,3,2,0.6666666666666666
67007268,0,0,
61827128,28,28,1.0
61826988,42,42,1.0
61881898,23,23,1.0
61845178,24,24,1.0
61827108,20,20,1.0
61869108,19,17,0.8947368421052632
63000118,79,7,0.08860759493670886
61820928,26,14,0.5384615384615384
61830488,17,17,1.0
66076708,27,20,0.7407407407407407
61822768,25,25,1.0
67009698,0,0,
63080638,2,2,1.0
61872828,52,45,0.8653846153846154
62051618,66,42,0.6363636363636364
61857878,22,21,0.9545454545454546
63076178,2,1,0.5
69820808,14,14,1.0
60821458,27,23,0.8518518518518519
63021658,23,21,0.9130434782608695
60010518,16,15,0.9375
65025858,22,22,1.0
67018158,0,0,
61825998,22,22,1.0
66099168,45,1,0.022222222222222223
67000298,36,1,0.027777777777777776
66069868,8,8,1.0
65020898,2,1,0.5
69860618,27,25,0.9259259259259259
62061678,26,6,0.23076923076923078
67012898,14,12,0.8571428571428571
62082808,25,23,0.92
61829428,51,11,0.21568627450980393
67002678,7,7,1.0
67017558,4,3,0.75
60012108,61,23,0.3770491803278688
69869688,54,54,1.0
67017068,6,6,1.0
61828598,30,30,1.0
66051838,3,2,0.6666666666666666
61855468,31,28,0.9032258064516129
69884518,69,18,0.2608695652173913
66079778,3,3,1.0
60821958,13,13,1.0
60016668,39,27,0.6923076923076923
63091508,21,21,1.0
66025268,22,14,0.6363636363636364
61812558,1,0,0.0
60801868,4,1,0.25
67812398,102,4,0.0392156862745098
61841308,9,1,0.1111111111111111
69871508,4,1,0.25
61829198,47,43,0.9148936170212766
61810618,46,44,0.9565217391304348
61860298,64,64,1.0
61812478,48,48,1.0
61849028,61,61,1.0
65021068,11,10,0.9090909090909091
69895618,17,17,1.0
69851718,7,7,1.0
62072788,91,2,0.02197802197802198
69857778,6,6,1.0
67027568,0,0,
69884998,0,0,
66077908,2,1,0.5
66088578,9,9,1.0
66092508,7,6,0.8571428571428571
61860188,24,24,1.0
69869078,0,0,
61812678,16,6,0.375
61825078,78,62,0.7948717948717948
67029998,0,0,
61872658,68,1,0.014705882352941176
66894008,13,13,1.0
69834528,41,39,0.9512195121951219
60000888,37,34,0.918918918918919
20429012,31,19,0.6129032258064516
61884368,4,4,1.0
66052018,0,0,
66062098,3,3,1.0
61861388,25,25,1.0
65010208,8,8,1.0
61841868,15,15,1.0
60814858,25,25,1.0
69823068,15,13,0.8666666666666667
69845618,4,4,1.0
60806478,146,5,0.03424657534246575
66077598,6,6,1.0
66091908,10,10,1.0
63062038,41,40,0.975609756097561
65018868,7,5,0.7142857142857143
66096678,4,4,1.0
66080278,5,5,1.0
69821378,17,14,0.8235294117647058
66062168,1,0,0.0
61825458,14,14,1.0
61824728,19,19,1.0
66077028,2,2,1.0
88888881,542,12,0.02214022140221402
65027578,8,8,1.0
69802208,18,13,0.7222222222222222
65026958,5,5,1.0
65005688,21,15,0.7142857142857143
65008968,18,12,0.6666666666666666
66017908,15,15,1.0
62099508,39,33,0.8461538461538461
60829828,20,3,0.15
68841368,65,31,0.47692307692307695
65009118,6,6,1.0
67055108,1,1,1.0
61812258,246,49,0.1991869918699187
69857108,26,26,1.0
63060268,40,40,1.0
69852128,29,28,0.9655172413793104
61884908,40,39,0.975
66077818,6,6,1.0
67008108,8,8,1.0
61868068,44,44,1.0
67853118,123,62,0.5040650406504065
63061208,6,3,0.5
61841798,58,58,1.0
66086788,16,0,0.0
61844628,59,59,1.0
61841828,43,43,1.0
61813188,88,72,0.8181818181818182
66095818,12,12,1.0
61805818,59,24,0.4067796610169492
67026298,3,2,0.6666666666666666
66086638,12,9,0.75
61845868,2,2,1.0
66029018,15,15,1.0
69810688,39,39,1.0
67009188,2,1,0.5
61854758,24,24,1.0
60012758,0,0,
69849428,6,6,1.0
61893858,10,10,1.0
63098188,50,31,0.62
68842078,50,50,1.0
66062128,13,13,1.0
61864298,6,6,1.0
69884688,2,2,1.0
69850418,16,16,1.0
67020728,2,2,1.0
61842728,49,49,1.0
66097508,13,2,0.15384615384615385
66069918,19,19,1.0
66022588,6,6,1.0
62088638,40,40,1.0
61891168,25,25,1.0
61842428,34,34,1.0
67006608,4,4,1.0
69842428,8,7,0.875
66098858,17,17,1.0
65022178,15,14,0.9333333333333333
68842898,80,80,1.0
65020138,15,15,1.0
66072638,5,5,1.0
61856698,54,54,1.0
66028238,9,7,0.7777777777777778
66079108,8,8,1.0
66081168,13,13,1.0
60821268,35,34,0.9714285714285714
66052978,6,6,1.0
69887898,2,0,0.0
62082588,26,25,0.9615384615384616
61859888,50,48,0.96
61891718,66,65,0.9848484848484849
61882088,3,3,1.0
62090658,39,30,0.7692307692307693
61842208,42,42,1.0
63002558,34,34,1.0
62099018,16,13,0.8125
66088098,11,11,1.0
65060718,22,21,0.9545454545454546
61846688,41,41,1.0
60815388,58,58,1.0
69848828,1,1,1.0
61860398,36,36,1.0
61822628,100,100,1.0
65021898,58,58,1.0
63081818,39,38,0.9743589743589743
61876568,46,19,0.41304347826086957
61852688,28,27,0.9642857142857143
65010178,17,17,1.0
67016078,15,15,1.0
66078258,10,10,1.0
62082598,66,62,0.9393939393939394
69836668,44,41,0.9318181818181818
61820858,101,98,0.9702970297029703
61821028,110,109,0.990909090909091
67007058,11,11,1.0
66081658,12,12,1.0
67029208,0,0,
61854198,7,7,1.0
67025098,7,7,1.0
69814378,21,21,1.0
69826618,19,19,1.0
61852588,2,2,1.0
69868398,8,7,0.875
63092858,8,8,1.0
66020968,28,28,1.0
61868768,91,67,0.7362637362637363
61832928,35,34,0.9714285714285714
62076558,26,26,1.0
62087638,19,19,1.0
69829188,14,14,1.0
60087508,3,3,1.0
68842028,30,30,1.0
69823598,32,32,1.0
60817818,30,30,1.0
60820408,14,14,1.0
61867068,20,20,1.0
63069638,17,17,1.0
62092868,14,0,0.0
63089798,87,0,0.0
61870798,21,21,1.0
65007108,28,25,0.8928571428571429
61870668,21,21,1.0
61803878,134,122,0.9104477611940298
67018778,13,13,1.0
66072718,5,5,1.0
65052728,9,9,1.0
66075118,17,17,1.0
62097778,47,45,0.9574468085106383
61848168,36,4,0.1111111111111111
69810108,34,34,1.0
69810398,32,30,0.9375
66018818,6,6,1.0
61828298,56,54,0.9642857142857143
69873618,27,24,0.8888888888888888
62082968,26,26,1.0
63068958,24,17,0.7083333333333334
66025008,10,9,0.9
60018018,31,24,0.7741935483870968
63089168,13,12,0.9230769230769231
65009838,28,24,0.8571428571428571
61855508,10,10,1.0
60818918,11,11,1.0
61857918,6,6,1.0
67026218,4,3,0.75
66893278,277,9,0.032490974729241874
69825698,22,22,1.0
62079528,29,29,1.0
66095888,11,0,0.0
66099018,2,2,1.0
68839918,41,34,0.8292682926829268
63082738,44,44,1.0
61808878,30,27,0.9
66068038,3,3,1.0
61808898,31,29,0.9354838709677419
61832108,35,35,1.0
66076088,3,3,1.0
63000268,5,4,0.8
67002918,7,7,1.0
61846958,34,32,0.9411764705882353
63020998,60,55,0.9166666666666666
61876268,18,18,1.0
61807498,50,48,0.96
63016188,26,25,0.9615384615384616
63091198,4,3,0.75
61887408,14,8,0.5714285714285714
65060738,7,6,0.8571428571428571
66069288,10,10,1.0
66072588,1,1,1.0
69887058,165,0,0.0
62016668,30,30,1.0
65018118,8,3,0.375
67012238,2,2,1.0
60001808,26,25,0.9615384615384616
60018798,1,1,1.0
67007068,4,1,0.25
61840228,69,68,0.9855072463768116
61884088,47,47,1.0
19880818,15,2,0.13333333333333333
67010658,2,2,1.0
66061888,16,16,1.0
66025558,30,30,1.0
62096738,12,12,1.0
69814678,34,34,1.0
69814368,18,18,1.0
69836208,59,58,0.9830508474576272
61833278,70,66,0.9428571428571428
69868458,20,19,0.95
67015188,0,0,
63010038,16,16,1.0
62081598,29,28,0.9655172413793104
69878868,46,45,0.9782608695652174
62071758,22,20,0.9090909090909091
69827318,3,3,1.0
61888988,39,39,1.0
69827288,65,64,0.9846153846153847
60814198,48,40,0.8333333333333334
66080828,15,15,1.0
61832728,80,80,1.0
61825808,69,69,1.0
61833388,90,90,1.0
60830568,39,39,1.0
61829708,19,18,0.9473684210526315
61853558,44,44,1.0
65089728,9,9,1.0
68844958,18,18,1.0
66067168,18,13,0.7222222222222222
61830758,26,25,0.9615384615384616
66075638,1,0,0.0
69898788,11,11,1.0
69827218,21,21,1.0
65029018,15,15,1.0
66095138,55,16,0.2909090909090909
69824958,49,46,0.9387755102040817
65055158,16,14,0.875
60827418,16,14,0.875
63025018,15,15,1.0
60826458,1,1,1.0
60810398,31,30,0.967741935483871
62096698,17,15,0.8823529411764706
69870718,27,27,1.0
66097108,13,12,0.9230769230769231
66098598,6,5,0.8333333333333334
67018618,7,7,1.0
62096028,37,34,0.918918918918919
60005158,14,14,1.0
66097298,3,3,1.0
61824908,43,43,1.0
63079838,27,24,0.8888888888888888
69887798,67,65,0.9701492537313433
68843498,29,27,0.9310344827586207
67005758,5,5,1.0
67017028,7,7,1.0
61820428,16,7,0.4375
68845168,42,29,0.6904761904761905
62072868,33,32,0.9696969696969697
69810898,6,6,1.0
61825968,36,36,1.0
66018238,39,39,1.0
60818758,35,34,0.9714285714285714
65089158,37,26,0.7027027027027027
66066178,15,11,0.7333333333333333
61805328,92,86,0.9347826086956522
63002758,6,0,0.0
62088208,16,7,0.4375
66051768,22,22,1.0
63087188,15,14,0.9333333333333333
69863388,42,42,1.0
66051258,22,22,1.0
62085868,11,11,1.0
67018598,13,13,1.0
61829398,5,0,0.0
63085228,29,21,0.7241379310344828
61885478,5,2,0.4
61851128,23,23,1.0
63018938,27,27,1.0
66068518,28,23,0.8214285714285714
63000638,45,43,0.9555555555555556
67022728,1,0,0.0
61853858,23,23,1.0
61824018,169,4,0.023668639053254437
67012998,2,2,1.0
61831808,53,51,0.9622641509433962
60878568,147,17,0.11564625850340136
66077658,5,3,0.6
66088788,8,5,0.625
63015078,19,19,1.0
65018238,10,7,0.7
61843968,19,19,1.0
66019638,8,7,0.875
61831568,25,23,0.92
65057258,23,23,1.0
61881878,62,62,1.0
67026628,0,0,
61802688,39,32,0.8205128205128205
66069738,20,15,0.75
67016128,0,0,
69867798,15,15,1.0
60821928,63,60,0.9523809523809523
61815588,5,0,0.0
67025278,5,5,1.0
69831178,18,18,1.0
93287320,10,1,0.1
66066558,3,3,1.0
60824118,37,36,0.972972972972973
60819958,43,43,1.0
67007978,8,8,1.0
66095658,13,13,1.0
60819568,52,49,0.9423076923076923
66894398,28,14,0.5
61846568,43,43,1.0
66077978,17,16,0.9411764705882353
67016228,10,10,1.0
61816928,61,35,0.5737704918032787
61847678,41,39,0.9512195121951219
63085058,31,31,1.0
63071228,15,15,1.0
62087768,3,3,1.0
60824758,10,7,0.7
61892068,9,4,0.4444444444444444
62070158,19,1,0.05263157894736842
69862868,14,14,1.0
66028178,242,0,0.0
69828588,150,17,0.11333333333333333
67005278,18,17,0.9444444444444444
60801108,52,51,0.9807692307692307
69895898,37,37,1.0
60010288,51,48,0.9411764705882353
63092738,21,21,1.0
66028678,12,12,1.0
63001638,134,24,0.1791044776119403
69878718,8,8,1.0
66017988,4,3,0.75
65000628,38,38,1.0
61865108,35,35,1.0
62088708,18,18,1.0
65055018,13,12,0.9230769230769231
67015998,2,2,1.0
62089138,14,14,1.0
63007888,12,12,1.0
61840208,43,43,1.0
69896968,6,4,0.6666666666666666
67020968,0,0,
62077728,21,20,0.9523809523809523
63079928,23,19,0.8260869565217391
61841598,48,21,0.4375
61876418,37,37,1.0
66097218,18,10,0.5555555555555556
69853518,37,37,1.0
66075818,17,17,1.0
65022968,35,29,0.8285714285714286
61832918,22,19,0.8636363636363636
11351356,8,0,0.0
63000088,12,12,1.0
67012668,5,5,1.0
69829558,10,10,1.0
65022938,17,17,1.0
61850278,20,12,0.6
61803058,44,41,0.9318181818181818
61831658,78,76,0.9743589743589743
63061828,17,8,0.47058823529411764
62099528,27,27,1.0
61898778,3,1,0.3333333333333333
61899398,9,9,1.0
65017558,7,5,0.7142857142857143
61855878,52,49,0.9423076923076923
65005098,13,13,1.0
60821198,37,37,1.0
65010928,64,56,0.875
68831328,49,49,1.0
63088578,19,18,0.9473684210526315
66072988,15,15,1.0
11886666,13,12,0.9230769230769231
61893058,13,13,1.0
69810578,15,13,0.8666666666666667
66068588,15,11,0.7333333333333333
60800958,5,5,1.0
60816098,6,6,1.0
65058728,11,10,0.9090909090909091
61851798,11,10,0.9090909090909091
66089678,3,1,0.3333333333333333
61889728,15,14,0.9333333333333333
61852568,36,34,0.9444444444444444
67809698,11,1,0.09090909090909091
67006228,2,2,1.0
65010828,11,11,1.0
66072958,32,31,0.96875
61825618,27,27,1.0
61820558,61,61,1.0
66099928,1,0,0.0
61800198,49,30,0.6122448979591837
68842218,16,8,0.5
66085038,4,4,1.0
69828528,10,10,1.0
61833528,11,11,1.0
62077288,33,33,1.0
62077588,48,23,0.4791666666666667
63025528,55,20,0.36363636363636365
61893678,2,0,0.0
69851608,7,7,1.0
63086218,35,2,0.05714285714285714
61895608,69,69,1.0
66091098,20,0,0.0
36393828,18,17,0.9444444444444444
60018568,1,1,1.0
62021108,3,3,1.0
63062808,23,18,0.782608695652174
63079968,18,17,0.9444444444444444
66099758,6,6,1.0
67011858,4,4,1.0
63086618,16,16,1.0
61826678,132,111,0.8409090909090909
61839788,2,1,0.5
66021228,4,1,0.25
69828858,15,15,1.0
66020128,16,16,1.0
66096858,29,29,1.0
66068158,2,2,1.0
69828458,14,14,1.0
69836968,18,18,1.0
65002708,14,14,1.0
69813598,11,11,1.0
66080038,50,8,0.16
61880468,60,60,1.0
60822818,18,17,0.9444444444444444
66019708,39,38,0.9743589743589743
61836468,7,6,0.8571428571428571
63019518,16,15,0.9375
61820368,45,44,0.9777777777777777
69814888,7,0,0.0
69878898,25,25,1.0
68843398,31,31,1.0
61875058,0,0,
65016858,29,28,0.9655172413793104
66892788,38,33,0.868421052631579
61886298,19,19,1.0
66066628,21,21,1.0
67010968,0,0,
62095988,45,44,0.9777777777777777
69833308,13,13,1.0
66050638,33,30,0.9090909090909091
65010188,32,32,1.0
66022288,1,1,1.0
61849058,55,51,0.9272727272727272
61875978,78,78,1.0
61874568,51,51,1.0
61857388,49,48,0.9795918367346939
61805518,32,32,1.0
61831228,40,39,0.975
60805788,34,34,1.0
66066138,15,14,0.9333333333333333
63052838,10,10,1.0
61810978,45,45,1.0
61801758,19,19,1.0
67000708,1,1,1.0
61836428,57,57,1.0
65018608,4,3,0.75
63017078,27,27,1.0
65026928,41,36,0.8780487804878049
61847498,66,66,1.0
69872998,16,16,1.0
66082978,35,33,0.9428571428571428
61853258,19,19,1.0
65021278,16,15,0.9375
61841818,9,8,0.8888888888888888
67005678,7,6,0.8571428571428571
66050528,11,11,1.0
60830498,12,12,1.0
61852068,18,18,1.0
61853288,21,21,1.0
60823128,66,63,0.9545454545454546
62087028,24,24,1.0
61804098,16,15,0.9375
66085008,34,17,0.5
61805078,40,40,1.0
61853268,20,20,1.0
61804858,52,52,1.0
67002688,6,5,0.8333333333333334
61845988,71,71,1.0
69810718,46,41,0.8913043478260869
60000838,22,22,1.0
66091958,12,12,1.0
66077038,23,12,0.5217391304347826
61857218,50,49,0.98
61860988,26,26,1.0
61843098,69,69,1.0
62070518,31,29,0.9354838709677419
61857018,11,11,1.0
66078788,20,20,1.0
60826728,61,59,0.9672131147540983
66080168,22,18,0.8181818181818182
62066118,21,12,0.5714285714285714
69853688,1,1,1.0
65056708,1,0,0.0
62880868,2,2,1.0
65027098,14,13,0.9285714285714286
61805408,9,9,1.0
61879618,37,36,0.972972972972973
63057018,6,4,0.6666666666666666
69833218,30,30,1.0
62086678,0,0,
61823328,61,43,0.7049180327868853
65026908,3,1,0.3333333333333333
65897368,21,15,0.7142857142857143
61840998,45,45,1.0
60821588,24,21,0.875
12260609,33,5,0.15151515151515152
60006538,35,34,0.9714285714285714
62060558,28,20,0.7142857142857143
61829278,45,44,0.9777777777777777
69845988,5,5,1.0
62096628,5,5,1.0
65010798,18,18,1.0
63026018,44,44,1.0
65029758,25,23,0.92
60816178,16,16,1.0
61847768,32,26,0.8125
61888088,20,17,0.85
61836458,70,67,0.9571428571428572
60820068,23,23,1.0
66095768,1,1,1.0
60823168,18,18,1.0
67001968,5,5,1.0
67000608,1,1,1.0
62006288,4,4,1.0
61860068,10,10,1.0
66076988,13,11,0.8461538461538461
66071868,0,0,
66080258,11,11,1.0
69836908,14,13,0.9285714285714286
61846898,66,64,0.9696969696969697
69889468,4,3,0.75
61828308,49,48,0.9795918367346939
67011178,5,5,1.0
61859588,38,38,1.0
69895728,41,39,0.9512195121951219
62092828,32,32,1.0
66027168,18,18,1.0
66026598,16,16,1.0
61858278,13,13,1.0
62082778,23,20,0.8695652173913043
65052638,16,16,1.0
60801508,16,16,1.0
65011578,26,22,0.8461538461538461
61888878,32,32,1.0
61814188,59,17,0.288135593220339
62018198,26,9,0.34615384615384615
65056728,4,3,0.75
67012538,0,0,
61884308,30,27,0.9
61850608,55,51,0.9272727272727272
61852408,21,21,1.0
61888278,51,51,1.0
62089688,46,26,0.5652173913043478
66096058,0,0,
67854928,35,31,0.8857142857142857
69844118,42,27,0.6428571428571429
67001128,12,12,1.0
65027298,29,29,1.0
69842208,6,6,1.0
65026898,19,19,1.0
60801488,8,8,1.0
61858758,26,8,0.3076923076923077
63066598,17,16,0.9411764705882353
62076918,5,5,1.0
66008688,55,55,1.0
66029008,30,30,1.0
66050278,36,34,0.9444444444444444
61849378,64,55,0.859375
60817868,52,51,0.9807692307692307
62099568,5,5,1.0
61856228,7,7,1.0
66087298,13,12,0.9230769230769231
65052918,1,0,0.0
61890478,49,36,0.7346938775510204
60827488,29,27,0.9310344827586207
63018958,12,12,1.0
69877818,14,14,1.0
69852068,13,4,0.3076923076923077
65011128,6,6,1.0
66027058,9,5,0.5555555555555556
66026558,8,8,1.0
61870558,15,9,0.6
61823528,50,49,0.98
60005018,15,15,1.0
63099538,8,8,1.0
61859408,82,82,1.0
60818388,14,14,1.0
65026068,7,7,1.0
66070298,12,12,1.0
62085918,45,45,1.0
61820108,97,96,0.9896907216494846
63022618,145,29,0.2
69878118,46,46,1.0
66029288,2,2,1.0
61825588,61,58,0.9508196721311475
61878298,37,36,0.972972972972973
62055708,8,8,1.0
60001678,26,26,1.0
63096168,3,3,1.0
61826588,59,59,1.0
61852098,55,55,1.0
62051238,11,11,1.0
63062868,67,64,0.9552238805970149
66017208,4,4,1.0
66069278,9,9,1.0
69837288,38,36,0.9473684210526315
63077138,35,32,0.9142857142857143
62077198,33,30,0.9090909090909091
63001018,17,17,1.0
69866508,48,47,0.9791666666666666
63086298,12,11,0.9166666666666666
61878508,30,29,0.9666666666666667
61844618,32,31,0.96875
61828178,25,25,1.0
61828518,77,56,0.7272727272727273
62080528,68,65,0.9558823529411765
65029898,18,18,1.0
61835378,39,37,0.9487179487179487
66080958,0,0,
61840028,19,17,0.8947368421052632
60815228,1,1,1.0
61825868,58,58,1.0
65020258,8,6,0.75
69895628,26,26,1.0
66060728,32,26,0.8125
65018638,17,16,0.9411764705882353
63077178,12,12,1.0
69850428,5,5,1.0
67008858,3,3,1.0
65029268,16,16,1.0
61865188,8,6,0.75
65002878,3,1,0.3333333333333333
61849518,38,38,1.0
63095638,0,0,
65017288,13,12,0.9230769230769231
65082258,27,27,1.0
69896658,48,45,0.9375
66021788,10,10,1.0
65058968,25,25,1.0
65075728,22,22,1.0
65056518,3,2,0.6666666666666666
66091108,22,22,1.0
66075228,4,4,1.0
65011508,22,19,0.8636363636363636
62021138,2,2,1.0
60813408,42,42,1.0
62097688,16,13,0.8125
63098198,19,19,1.0
62067508,10,10,1.0
61802878,33,33,1.0
65001858,33,12,0.36363636363636365
61858718,66,65,0.9848484848484849
69885298,34,34,1.0
61828108,35,35,1.0
61830558,36,35,0.9722222222222222
63089518,31,30,0.967741935483871
60815078,21,21,1.0
69885328,11,9,0.8181818181818182
61873468,53,51,0.9622641509433962
61821368,25,23,0.92
61851528,113,36,0.3185840707964602
63071918,20,10,0.5
69830188,72,21,0.2916666666666667
62088818,43,41,0.9534883720930233
60005078,25,25,1.0
61859808,52,51,0.9807692307692307
61862008,0,0,
69873628,17,17,1.0
67006218,13,13,1.0
63095268,16,16,1.0
60824968,14,14,1.0
66080668,7,6,0.8571428571428571
61871668,1,1,1.0
61876818,38,38,1.0
66018778,25,25,1.0
65028108,20,20,1.0
63075598,12,12,1.0
63055098,17,17,1.0
66067668,20,19,0.95
63057808,12,12,1.0
65010218,20,8,0.4
61871328,50,26,0.52
66097078,40,36,0.9
66021278,12,12,1.0
61848698,16,16,1.0
63015618,23,23,1.0
63065598,5,5,1.0
65012138,17,17,1.0
61874708,24,17,0.7083333333333334
66068178,14,14,1.0
62092658,28,28,1.0
63082608,25,20,0.8
61847878,0,0,
65057298,33,30,0.9090909090909091
62072578,48,48,1.0
67000228,4,4,1.0
61840198,8,8,1.0
66097038,2,2,1.0
63085128,18,12,0.6666666666666666
66065208,1,0,0.0
61805768,41,41,1.0
69895688,23,22,0.9565217391304348
61852658,20,10,0.5
66076118,1,1,1.0
61847428,173,17,0.09826589595375723
65009998,46,45,0.9782608695652174
66017638,26,26,1.0
61879268,13,13,1.0
65026008,32,32,1.0
66058078,6,6,1.0
61858358,56,56,1.0
63098778,18,13,0.7222222222222222
61806908,191,57,0.29842931937172773
61829228,47,8,0.1702127659574468
63069938,30,30,1.0
61895368,27,27,1.0
61847168,61,35,0.5737704918032787
66021178,30,23,0.7666666666666667
67809918,4,1,0.25
60807718,21,21,1.0
66082628,4,4,1.0
62087038,22,22,1.0
60010538,26,26,1.0
61817698,109,47,0.43119266055045874
67809158,2,2,1.0
65058018,27,27,1.0
61849118,50,48,0.96
61889758,1,1,1.0
69856158,64,64,1.0
63002618,23,17,0.7391304347826086
62092798,34,32,0.9411764705882353
65009518,1,0,0.0
69873808,41,41,1.0
66026688,6,6,1.0
67810758,3,3,1.0
66067658,60,1,0.016666666666666666
61802508,2,0,0.0
62081668,19,16,0.8421052631578947
65059268,3,3,1.0
69898728,24,24,1.0
66009588,15,15,1.0
69872778,18,18,1.0
61840808,17,16,0.9411764705882353
61858008,18,18,1.0
61800088,7,1,0.14285714285714285
66079918,4,4,1.0
65028058,26,26,1.0
65018168,46,46,1.0
63095198,1,0,0.0
66028828,13,12,0.9230769230769231
63092688,1,1,1.0
65026998,6,1,0.16666666666666666
61896298,2,2,1.0
60823598,4,3,0.75
66077768,4,4,1.0
60822758,33,1,0.030303030303030304
65009958,7,7,1.0
62011088,19,17,0.8947368421052632
65016228,11,11,1.0
61873258,56,1,0.017857142857142856
63002168,15,0,0.0
61802168,3,0,0.0
60819778,36,35,0.9722222222222222
66079258,12,11,0.9166666666666666
65005088,34,34,1.0
63096568,17,17,1.0
61833978,11,11,1.0
60012968,32,32,1.0
69836808,37,37,1.0
67812568,21,9,0.42857142857142855
69809398,30,29,0.9666666666666667
60002758,10,10,1.0
61870618,8,8,1.0
61825818,16,8,0.5
63088918,0,0,
60803618,31,29,0.9354838709677419
69845278,11,2,0.18181818181818182
77661168,19,18,0.9473684210526315
61831398,39,38,0.9743589743589743
67821988,14,14,1.0
69893178,4,4,1.0
63079818,26,26,1.0
63090258,21,21,1.0
62050038,32,28,0.875
61812928,51,51,1.0
65009728,18,12,0.6666666666666666
65025718,2,2,1.0
63085788,5,5,1.0
66099938,25,25,1.0
66070518,1,1,1.0
61822128,51,51,1.0
61812528,50,50,1.0
61821528,59,59,1.0
61804368,25,25,1.0
69868828,57,41,0.7192982456140351
60018028,26,26,1.0
60824628,33,33,1.0
61850628,214,0,0.0
63060688,25,25,1.0
67810418,16,16,1.0
66080188,5,5,1.0
69869198,2,1,0.5
60815888,48,48,1.0
62097158,25,13,0.52
60015158,28,18,0.6428571428571429
69816998,12,5,0.4166666666666667
66072528,22,20,0.9090909090909091
61833928,175,4,0.022857142857142857
63012718,23,23,1.0
61805758,29,18,0.6206896551724138
67813718,38,38,1.0
60828328,36,36,1.0
60026008,20,20,1.0
62087058,9,8,0.8888888888888888
61806718,33,33,1.0
61807728,29,29,1.0
61875998,12,12,1.0
61874978,26,21,0.8076923076923077
66077738,0,0,
69871518,19,15,0.7894736842105263
61803488,21,17,0.8095238095238095
61804508,30,30,1.0
61806678,24,23,0.9583333333333334
60000928,44,41,0.9318181818181818
63061138,30,30,1.0
61842618,116,18,0.15517241379310345
66019518,4,1,0.25
60000138,28,28,1.0
66018868,20,20,1.0
69814428,43,43,1.0
63060108,23,19,0.8260869565217391
61892358,51,49,0.9607843137254902
60826128,43,29,0.6744186046511628
69891618,60,60,1.0
61847118,20,20,1.0
61853108,12,11,0.9166666666666666
63019028,60,8,0.13333333333333333
61845778,18,6,0.3333333333333333
61806398,24,24,1.0
68844418,3,3,1.0
66894418,40,36,0.9
63078708,95,38,0.4
65089028,1,1,1.0
69824058,42,42,1.0
61853278,64,4,0.0625
65055058,43,43,1.0
61835678,35,34,0.9714285714285714
20100069,40,34,0.85
65001898,10,8,0.8
67845058,55,54,0.9818181818181818
60804768,67,65,0.9701492537313433
69873778,1,1,1.0
63065068,56,56,1.0
61844578,3,3,1.0
66092578,11,0,0.0
67812598,20,16,0.8
61893028,27,11,0.4074074074074074
62098008,21,20,0.9523809523809523
61831968,40,40,1.0
61806498,44,44,1.0
60801888,6,6,1.0
68840788,25,25,1.0
65026918,6,5,0.8333333333333334
62071588,44,44,1.0
61833878,27,27,1.0
60018638,8,6,0.75
69886898,13,0,0.0
61821718,73,70,0.958904109589041
66099178,0,0,
66066588,5,3,0.6
61886218,1,1,1.0
69889918,41,41,1.0
69889868,38,38,1.0
61853908,23,8,0.34782608695652173
66091178,1,1,1.0
65010698,39,39,1.0
62080568,16,11,0.6875
66069978,19,19,1.0
62091678,11,10,0.9090909090909091
65027208,35,34,0.9714285714285714
62088038,39,37,0.9487179487179487
61877368,21,21,1.0
61877428,28,28,1.0
61877018,23,23,1.0
63090228,15,15,1.0
65026198,11,11,1.0
65027698,14,13,0.9285714285714286
61825298,28,28,1.0
65009258,14,14,1.0
63059058,17,13,0.7647058823529411
66097128,0,0,
61813168,46,46,1.0
60828498,51,51,1.0
61812508,51,51,1.0
61801678,5,2,0.4
66082718,10,9,0.9
60826908,5,5,1.0
60815458,11,11,1.0
63068608,19,19,1.0
60803378,29,28,0.9655172413793104
66066598,66,21,0.3181818181818182
61845228,217,105,0.4838709677419355
60806618,19,19,1.0
69868998,12,12,1.0
62079818,7,1,0.14285714285714285
65011808,12,11,0.9166666666666666
61836318,25,15,0.6
65089578,24,23,0.9583333333333334
66080228,6,6,1.0
61830328,15,13,0.8666666666666667
61812568,55,55,1.0
61877178,31,31,1.0
61877378,25,25,1.0
69879088,40,40,1.0
61876908,23,23,1.0
61877328,24,24,1.0
69801418,39,25,0.6410256410256411
61894628,23,23,1.0
60008778,5,1,0.2
60818318,4,4,1.0
61877168,34,34,1.0
61877388,25,25,1.0
61828798,32,3,0.09375
69824658,23,19,0.8260869565217391
63091578,46,15,0.32608695652173914
66020008,4,4,1.0
62080038,0,0,
60801588,34,15,0.4411764705882353
61861168,28,27,0.9642857142857143
62097568,12,12,1.0
62051538,34,34,1.0
69817908,64,19,0.296875
61867618,52,49,0.9423076923076923
61857818,15,15,1.0
65086778,0,0,
61812158,57,57,1.0
66061708,32,30,0.9375
60000058,21,20,0.9523809523809523
61867988,1,1,1.0
62086818,39,31,0.7948717948717948
66092018,0,0,
61834968,39,39,1.0
65056168,37,36,0.972972972972973
61807978,15,10,0.6666666666666666
63059108,96,4,0.041666666666666664
63087828,21,21,1.0
60818828,32,32,1.0
61885908,2,1,0.5
63066718,17,17,1.0
69883188,23,18,0.782608695652174
69811528,6,6,1.0
61834978,13,13,1.0
63095668,23,7,0.30434782608695654
61836168,57,57,1.0
61801528,46,46,1.0
61801918,44,44,1.0
61801868,37,37,1.0
60821608,25,25,1.0
61844718,140,43,0.30714285714285716
65011608,12,11,0.9166666666666666
61803218,7,6,0.8571428571428571
60818678,4,2,0.5
65019128,8,8,1.0
61803978,11,10,0.9090909090909091
69897638,10,7,0.7
61851028,12,10,0.8333333333333334
60000658,46,43,0.9347826086956522
61849308,41,41,1.0
63089038,28,28,1.0
68843378,189,89,0.4708994708994709
65027138,4,4,1.0
61832688,38,32,0.8421052631578947
63019008,13,13,1.0
60007728,23,23,1.0
61823378,47,46,0.9787234042553191
61871578,20,6,0.3
69838678,46,10,0.21739130434782608
65028508,0,0,
65029778,0,0,
63066008,25,25,1.0
62092118,22,22,1.0
61872178,224,22,0.09821428571428571
61841788,6,0,0.0
60824158,29,27,0.9310344827586207
61816858,74,2,0.02702702702702703
61842578,23,22,0.9565217391304348
61826568,54,51,0.9444444444444444
61851408,57,57,1.0
60000558,46,45,0.9782608695652174
61889908,29,29,1.0
66028638,4,2,0.5
63076718,26,25,0.9615384615384616
62072008,0,0,
66096508,0,0,
60815628,5,3,0.6
62098858,17,17,1.0
69825908,38,31,0.8157894736842105
63071298,20,1,0.05
65026828,14,14,1.0
61835198,92,90,0.9782608695652174
65011988,25,24,0.96
62095758,21,20,0.9523809523809523
66077058,0,0,
61862618,3,2,0.6666666666666666
60820818,27,27,1.0
61849578,79,79,1.0
61858968,5,5,1.0
61891588,110,35,0.3181818181818182
60815318,9,9,1.0
61873908,6,6,1.0
65015998,1,0,0.0
69802618,37,10,0.2702702702702703
61840568,53,52,0.9811320754716981
69847108,35,33,0.9428571428571428
61843358,100,100,1.0
61800908,12,2,0.16666666666666666
60814798,37,30,0.8108108108108109
63076978,17,17,1.0
61870468,23,23,1.0
69865688,37,34,0.918918918918919
69828188,32,32,1.0
60822668,23,23,1.0
65017628,12,2,0.16666666666666666
69809358,118,0,0.0
63029778,29,29,1.0
65025298,10,10,1.0
61826668,11,10,0.9090909090909091
68840868,1,1,1.0
61874058,3,3,1.0
61850188,9,9,1.0
66082288,2,2,1.0
69898568,6,6,1.0
61872678,4,4,1.0
67851828,7,3,0.42857142857142855
60005578,22,21,0.9545454545454546
61881058,0,0,
63019178,17,16,0.9411764705882353
68842798,7,7,1.0
61863718,45,39,0.8666666666666667
62095818,24,18,0.75
69869428,17,17,1.0
66009608,20,20,1.0
61851358,29,29,1.0
63092808,1,1,1.0
63097708,2,2,1.0
61843328,27,27,1.0
61850258,4,4,1.0
60821368,22,22,1.0
61876328,37,34,0.918918918918919
62099798,30,28,0.9333333333333333
66088708,0,0,
66068168,5,5,1.0
60801858,43,43,1.0
65026288,13,13,1.0
61827288,8,7,0.875
66027688,0,0,
66082038,17,17,1.0
53159995,3,3,1.0
69814028,16,15,0.9375
61884478,17,16,0.9411764705882353
61835818,33,33,1.0
63018698,16,16,1.0
61857758,2,2,1.0
63066638,18,18,1.0
63082568,0,0,
67812458,34,34,1.0
64412238,0,0,
67819208,32,32,1.0
61887128,3,3,1.0
61877288,11,10,0.9090909090909091
61822788,46,46,1.0
61877318,17,15,0.8823529411764706
61834908,46,41,0.8913043478260869
66067138,9,9,1.0
61847388,49,0,0.0
61841498,31,30,0.967741935483871
61835928,32,32,1.0
66069228,2,2,1.0
61812228,175,108,0.6171428571428571
65006298,10,4,0.4
61827308,5,4,0.8
65021908,11,10,0.9090909090909091
69856068,0,0,
68843718,12,12,1.0
60824478,241,0,0.0
61829688,5,0,0.0
60826558,31,5,0.16129032258064516
68844068,37,5,0.13513513513513514
63025628,3,0,0.0
63090088,92,2,0.021739130434782608
66058018,1,1,1.0
61851398,7,7,1.0
61806658,15,15,1.0
63096838,8,8,1.0
61842268,4,2,0.5
69898218,19,19,1.0
67810468,1,1,1.0
61832698,6,6,1.0
65019628,31,22,0.7096774193548387
65018988,1,1,1.0
61828828,26,21,0.8076923076923077
61823388,58,56,0.9655172413793104
61866768,1,1,1.0
67854358,63,39,0.6190476190476191
61896008,6,6,1.0
60807958,27,27,1.0
61853918,18,3,0.16666666666666666
61895718,3,1,0.3333333333333333
61884528,18,18,1.0
63082758,3,3,1.0
69846888,29,24,0.8275862068965517
67854528,55,52,0.9454545454545454
62055638,9,9,1.0
62890928,24,24,1.0
69890258,3,3,1.0
66026868,0,0,
61826558,0,0,
61841168,58,58,1.0
63059858,20,2,0.1
62080218,31,31,1.0
66021728,6,6,1.0
61827298,3,1,0.3333333333333333
65015898,13,12,0.9230769230769231
63000568,14,11,0.7857142857142857
69883618,20,20,1.0
66020158,2,2,1.0
69833718,17,17,1.0
63018918,10,10,1.0
65055088,2,2,1.0
63072568,6,6,1.0
69863208,27,27,1.0
66009858,19,12,0.631578947368421
62846388,113,94,0.831858407079646
61842278,32,32,1.0
66027698,1,0,0.0
65055118,7,6,0.8571428571428571
65057208,9,4,0.4444444444444444
63076618,1,0,0.0
62096218,1,1,1.0
61858068,10,10,1.0
60818098,11,11,1.0
61862088,46,46,1.0
61821998,22,22,1.0
69819978,13,0,0.0
62092068,47,40,0.851063829787234
69845458,9,0,0.0
61836588,19,19,1.0
60828808,0,0,
61832718,5,3,0.6
61856368,29,29,1.0
62089168,35,31,0.8857142857142857
61850098,20,20,1.0
65012988,6,6,1.0
63060078,16,16,1.0
60818588,12,12,1.0
66893288,28,28,1.0
69829008,33,33,1.0
68843058,23,23,1.0
66072808,1,1,1.0
65011268,4,4,1.0
69868268,4,0,0.0
69896058,60,57,0.95
69809458,45,45,1.0
69891678,11,11,1.0
69897138,37,37,1.0
65001138,6,6,1.0
61891888,36,36,1.0
61844868,29,29,1.0
69826368,9,9,1.0
65077158,44,29,0.6590909090909091
61835108,70,67,0.9571428571428572
69890858,19,12,0.631578947368421
63081208,8,8,1.0
61846608,31,31,1.0
66078508,0,0,
60815918,1,1,1.0
69866698,24,24,1.0
61897398,60,58,0.9666666666666667
63000598,3,3,1.0
63019198,27,27,1.0
66026178,1,1,1.0
66050018,21,21,1.0
61843718,28,26,0.9285714285714286
62075718,4,4,1.0
65019978,1,1,1.0
66071678,3,3,1.0
63082508,44,44,1.0
61807998,7,7,1.0
61808178,11,11,1.0
63062288,2,1,0.5
63092198,15,13,0.8666666666666667
66066568,15,15,1.0
68844598,3,3,1.0
61850578,40,38,0.95
61823798,58,52,0.896551724137931
69827228,19,19,1.0
66051918,3,3,1.0
66019728,9,9,1.0
61840578,115,112,0.9739130434782609
62070568,5,2,0.4
65076168,16,15,0.9375
61871728,12,12,1.0
66066928,3,3,1.0
63056538,10,10,1.0
61827398,56,40,0.7142857142857143
83858385,12,12,1.0
61884318,15,8,0.5333333333333333
61833478,98,83,0.8469387755102041
63058688,8,5,0.625
60822718,17,17,1.0
60814708,36,36,1.0
61813008,10,1,0.1
65008788,3,3,1.0
60803608,0,0,
61832528,3,3,1.0
66066518,0,0,
65087138,5,3,0.6
60824958,36,35,0.9722222222222222
69814278,26,26,1.0
66008058,0,0,
63068658,5,5,1.0
61884008,10,6,0.6
60000118,26,23,0.8846153846153846
69886618,21,21,1.0
61857088,47,46,0.9787234042553191
67812678,25,25,1.0
61876578,20,20,1.0
61882168,18,18,1.0
66019698,2,1,0.5
61807158,27,25,0.9259259259259259
68841098,45,43,0.9555555555555556
66050028,6,6,1.0
61841278,27,27,1.0
69835458,66,47,0.7121212121212122
65077118,21,11,0.5238095238095238
61800658,21,21,1.0
60080788,139,6,0.04316546762589928
63067768,7,6,0.8571428571428571
61858118,18,18,1.0
61847358,5,5,1.0
61826868,81,40,0.49382716049382713
66077068,0,0,
62095238,10,7,0.7
60843308,47,47,1.0
61841028,22,7,0.3181818181818182
62087708,16,16,1.0
62087618,7,7,1.0
62070638,34,30,0.8823529411764706
65026188,9,9,1.0
69864278,26,26,1.0
65086738,1,1,1.0
61865578,68,0,0.0
65058058,13,7,0.5384615384615384
61879418,13,4,0.3076923076923077
66070218,0,0,
28808057,6,5,0.8333333333333334
66075208,1,0,0.0
61899598,3,1,0.3333333333333333
65008538,7,4,0.5714285714285714
63085528,7,7,1.0
66051708,3,1,0.3333333333333333
60819068,8,8,1.0
65020718,6,6,1.0
67813888,45,29,0.6444444444444445
69895978,3,3,1.0
61857008,31,31,1.0
61848098,34,34,1.0
61841428,29,29,1.0
62067008,25,24,0.96
66068808,2,1,0.5
65008278,13,0,0.0
61821978,57,57,1.0
61875378,8,8,1.0
61859318,17,14,0.8235294117647058
61833568,50,50,1.0
66068198,1,1,1.0
60817058,16,16,1.0
66050688,6,6,1.0
69843418,16,11,0.6875
69868888,5,5,1.0
62077278,21,21,1.0
61826958,30,28,0.9333333333333333
61860658,2,2,1.0
61815618,30,30,1.0
61821788,0,0,
65026218,4,3,0.75
60825788,6,3,0.5
61831218,9,9,1.0
61880508,6,0,0.0
69851308,4,0,0.0
61846518,13,13,1.0
61887068,4,4,1.0
61854508,35,35,1.0
61849368,49,35,0.7142857142857143
66021058,23,0,0.0
61848708,44,42,0.9545454545454546
66082278,0,0,
65080158,34,33,0.9705882352941176
61898278,8,8,1.0
61847798,36,35,0.9722222222222222
61845218,38,37,0.9736842105263158
63072798,5,5,1.0
67811608,22,13,0.5909090909090909
61835688,15,15,1.0
65007028,2,0,0.0
66021908,3,3,1.0
66066158,1,1,1.0
61848788,41,41,1.0
67810288,18,18,1.0
66065188,25,24,0.96
61851728,75,75,1.0
61849698,63,63,1.0
61851478,64,64,1.0
61804718,26,24,0.9230769230769231
61844318,37,37,1.0
62087068,22,0,0.0
61828118,12,6,0.5
61872418,2,2,1.0
66008198,0,0,
61899778,1,1,1.0
65085058,3,2,0.6666666666666666
63087568,5,5,1.0
61846658,40,35,0.875
65011178,7,7,1.0
65085098,21,21,1.0
62070558,29,29,1.0
67810018,20,2,0.1
62072698,23,22,0.9565217391304348
61870158,3,0,0.0
66080628,0,0,
65011978,7,7,1.0
61821488,2,2,1.0
69859828,2,2,1.0
63067958,14,13,0.9285714285714286
63080568,17,17,1.0
62097998,3,3,1.0
61820098,92,92,1.0
63085088,33,33,1.0
61842398,52,52,1.0
63079628,0,0,
62026008,33,33,1.0
69875598,14,14,1.0
65021678,2,1,0.5
60831698,351,0,0.0
69898558,24,20,0.8333333333333334
61879098,10,9,0.9
61842288,58,58,1.0
69841958,42,42,1.0
66076898,15,2,0.13333333333333333
65009008,17,17,1.0
60818908,46,46,1.0
62025038,15,15,1.0
61845608,78,78,1.0
67856978,1,0,0.0
69868808,16,15,0.9375
63060878,30,28,0.9333333333333333
66050608,9,9,1.0
62092578,31,31,1.0
65076728,7,6,0.8571428571428571
61896718,143,16,0.11188811188811189
63090738,1,1,1.0
69814568,22,22,1.0
63015028,18,18,1.0
62086898,47,46,0.9787234042553191
66069068,1,1,1.0
62078008,51,1,0.0196078431372549
69890968,21,21,1.0
66029628,9,8,0.8888888888888888
63011038,35,33,0.9428571428571428
63069768,18,18,1.0
62098038,2,2,1.0
62099588,4,4,1.0
61820078,85,83,0.9764705882352941
63008978,2,2,1.0
61811918,22,22,1.0
68844978,19,19,1.0
61852418,30,28,0.9333333333333333
60008118,31,22,0.7096774193548387
60801298,10,10,1.0
61810998,45,44,0.9777777777777777
68848298,3,3,1.0
62092538,25,25,1.0
66070558,15,15,1.0
60813528,8,5,0.625
63078728,7,7,1.0
62095778,29,13,0.4482758620689655
63090838,23,23,1.0
69889458,33,33,1.0
65010168,10,9,0.9
66076208,0,0,
69891858,5,5,1.0
69830218,28,25,0.8928571428571429
66051088,14,14,1.0
66022188,4,4,1.0
63000258,45,44,0.9777777777777777
60830358,9,9,1.0
60808398,56,49,0.875
62087218,51,48,0.9411764705882353
66070978,21,21,1.0
69849918,24,24,1.0
61827668,33,33,1.0
69852178,6,6,1.0
61840818,59,59,1.0
69837818,30,29,0.9666666666666667
69856008,3,3,1.0
66070068,0,0,
66075298,0,0,
66020928,6,6,1.0
66021868,4,3,0.75
63099568,15,14,0.9333333333333333
63066168,5,5,1.0
60817958,29,0,0.0
63058208,32,28,0.875
61820298,54,54,1.0
61820978,37,37,1.0
61875428,31,22,0.7096774193548387
61827788,3,1,0.3333333333333333
60005618,15,15,1.0
65085198,9,2,0.2222222222222222
60803578,19,17,0.8947368421052632
60821278,23,6,0.2608695652173913
66076608,0,0,
60824908,13,13,1.0
60801828,16,12,0.75
61824258,30,30,1.0
66077188,0,0,
61831458,7,5,0.7142857142857143
65057278,9,8,0.8888888888888888
65010638,1,1,1.0
65020218,4,3,0.75
60008228,4,4,1.0
65012858,16,13,0.8125
66077938,0,0,
63068038,60,44,0.7333333333333333
69890028,31,31,1.0
69890058,31,30,0.967741935483871
61898088,38,35,0.9210526315789473
65002558,67,53,0.7910447761194029
61862508,41,37,0.9024390243902439
61847208,18,16,0.8888888888888888
66021578,2,2,1.0
61811188,29,10,0.3448275862068966
66021638,6,0,0.0
65018808,4,3,0.75
62082758,23,21,0.9130434782608695
68842868,36,35,0.9722222222222222
61813528,74,0,0.0
66021118,1,1,1.0
65001268,20,20,1.0
69824098,26,26,1.0
69890608,10,10,1.0
69864858,9,9,1.0
61821808,10,10,1.0
61822318,36,36,1.0
61822368,24,24,1.0
61821898,38,38,1.0
65059558,4,0,0.0
61814328,0,0,
66018958,3,2,0.6666666666666666
62072808,9,8,0.8888888888888888
67810088,32,32,1.0
65015758,1,0,0.0
62089068,16,16,1.0
61840588,32,32,1.0
61833758,83,83,1.0
69800988,1,0,0.0
67815588,4,3,0.75
61843488,13,13,1.0
61844508,13,13,1.0
62086968,25,2,0.08
67845758,55,49,0.8909090909090909
69829508,3,0,0.0
61832058,67,67,1.0
60012188,2,2,1.0
63022028,20,20,1.0
66027258,6,6,1.0
60821628,46,46,1.0
61857808,45,45,1.0
63086788,44,36,0.8181818181818182
61840078,32,31,0.96875
69827758,35,33,0.9428571428571428
65085628,3,3,1.0
63020908,26,22,0.8461538461538461
61827988,19,1,0.05263157894736842
61849768,34,34,1.0
60818858,17,17,1.0
63018988,12,2,0.16666666666666666
61800001,289,192,0.6643598615916955
61811158,84,47,0.5595238095238095
62076038,2,1,0.5
61829978,71,71,1.0
61844098,70,70,1.0
60816758,9,7,0.7777777777777778
61834798,14,12,0.8571428571428571
61801878,38,38,1.0
69872708,24,24,1.0
65026518,29,26,0.896551724137931
61889028,53,27,0.5094339622641509
62015068,28,28,1.0
61801808,111,54,0.4864864864864865
63072708,17,17,1.0
61831158,111,111,1.0
63081928,5,5,1.0
69814928,7,7,1.0
69855308,23,23,1.0
69888468,40,40,1.0
66060108,2,1,0.5
66062618,10,8,0.8
61848308,2,2,1.0
66072788,0,0,
66067108,3,0,0.0
61836558,82,80,0.975609756097561
61835028,81,78,0.9629629629629629
66069298,0,0,
69873768,16,16,1.0
66009758,16,16,1.0
61823588,18,16,0.8888888888888888
69883628,31,28,0.9032258064516129
63012508,25,17,0.68
61844778,46,46,1.0
61841698,59,59,1.0
61843508,56,56,1.0
68848288,20,16,0.8
61841398,46,46,1.0
61822858,81,81,1.0
61880568,8,8,1.0
61827678,24,24,1.0
65028038,0,0,
65008578,8,7,0.875
61862218,1,1,1.0
61896108,20,20,1.0
63078178,1,1,1.0
61842198,54,54,1.0
61820018,2,2,1.0
61848528,34,33,0.9705882352941176
69898758,8,4,0.5
66852708,25,6,0.24
61867858,11,8,0.7272727272727273
61881278,28,28,1.0
62070818,167,72,0.4311377245508982
65075858,1,0,0.0
65072808,1,0,0.0
61880458,30,8,0.26666666666666666
61894688,15,15,1.0
60813658,16,16,1.0
61846978,14,12,0.8571428571428571
63000668,27,27,1.0
65009078,1,0,0.0
69830528,44,38,0.8636363636363636
61835428,104,76,0.7307692307692307
60820508,4,2,0.5
61825728,86,18,0.20930232558139536
61835018,90,89,0.9888888888888889
62089708,38,38,1.0
61850508,67,67,1.0
62066158,1,0,0.0
61898168,2,2,1.0
61851588,16,16,1.0
65026788,17,0,0.0
61878108,36,31,0.8611111111111112
61842528,46,45,0.9782608695652174
61887008,1,1,1.0
61898508,44,44,1.0
65022598,2,2,1.0
60803068,47,47,1.0
61825318,57,52,0.9122807017543859
69896828,45,45,1.0
62095198,5,4,0.8
65026158,2,2,1.0
61841418,30,30,1.0
61880308,1,1,1.0
69896718,11,11,1.0
62087178,47,28,0.5957446808510638
65017268,2,2,1.0
61820588,24,24,1.0
61842908,40,40,1.0
60823698,42,42,1.0
10881088,26,26,1.0
60824988,12,12,1.0
65026298,1,1,1.0
19880312,55,50,0.9090909090909091
69836318,4,4,1.0
63015228,7,5,0.7142857142857143
65000888,10,6,0.6
69812058,3,0,0.0
63087688,12,12,1.0
63066728,12,7,0.5833333333333334
61800598,10,0,0.0
65002118,8,4,0.5
61897008,3,1,0.3333333333333333
69829628,54,43,0.7962962962962963
61820508,29,29,1.0
61875118,24,21,0.875
65055268,0,0,
61820868,30,30,1.0
60807428,4,4,1.0
61886788,9,2,0.2222222222222222
63092158,1,1,1.0
61820498,26,26,1.0
65082658,4,4,1.0
61834368,216,0,0.0
61879568,15,13,0.8666666666666667
61876888,15,12,0.8
61868288,16,16,1.0
69838968,8,5,0.625
69876818,37,37,1.0
61827468,40,40,1.0
63075278,15,5,0.3333333333333333
63066978,7,4,0.5714285714285714
61869378,42,42,1.0
65022758,9,9,1.0
69800998,1,0,0.0
61852788,138,10,0.07246376811594203
68848528,2,0,0.0
61843518,50,50,1.0
69830718,13,8,0.6153846153846154
61843898,48,48,1.0
61858598,29,17,0.5862068965517241
67856728,1,1,1.0
69897088,19,19,1.0
60005118,16,16,1.0
63099878,4,4,1.0
61811968,23,19,0.8260869565217391
69890518,47,47,1.0
19751008,13,5,0.38461538461538464
69826628,29,29,1.0
61853718,61,57,0.9344262295081968
62067108,2,1,0.5
61813678,168,0,0.0
65029958,1,0,0.0
61890798,1,1,1.0
65015158,2,2,1.0
61890118,28,28,1.0
61844958,2,0,0.0
67843018,24,19,0.7916666666666666
63087778,4,4,1.0
65010108,1,0,0.0
61808328,138,76,0.5507246376811594
63021788,8,8,1.0
61827928,21,21,1.0
65026268,1,0,0.0
61831578,18,18,1.0
65028198,15,11,0.7333333333333333
68844018,7,1,0.14285714285714285
63068778,0,0,
63012838,12,12,1.0
63088188,5,3,0.6
63012868,21,6,0.2857142857142857
65020678,1,0,0.0
91223681,0,0,
61825708,44,40,0.9090909090909091
61813788,77,75,0.974025974025974
69878088,41,11,0.2682926829268293
69855718,1,0,0.0
62085678,28,27,0.9642857142857143
61850358,16,16,1.0
63017728,12,10,0.8333333333333334
61845958,19,18,0.9473684210526315
61813178,15,0,0.0
65026768,1,0,0.0
61854668,8,3,0.375
65018718,0,0,
60800628,2,2,1.0
65028668,3,3,1.0
61897718,14,14,1.0
61828718,37,33,0.8918918918918919
61820468,13,13,1.0
60822918,38,37,0.9736842105263158
63099898,1,0,0.0
61852358,64,64,1.0
65017118,14,1,0.07142857142857142
69871108,3,3,1.0
62089288,9,9,1.0
63088608,1,0,0.0
62086638,11,11,1.0
61827588,42,42,1.0
61805188,42,42,1.0
61847328,19,19,1.0
61860768,21,21,1.0
60819718,18,18,1.0
60814688,23,23,1.0
62055138,11,11,1.0
63002508,61,0,0.0
61852378,6,6,1.0
69850408,26,26,1.0
69885678,12,12,1.0
