account,is_real_out
61882008,False
63066908,True
61823268,False
61824708,True
61891458,False
61825118,True
61826758,True
61855788,False
61825128,True
61826728,True
66069638,False
67068658,True
66077868,True
60826968,False
67058908,True
61840128,True
67021988,True
67011208,True
62837298,True
67017768,True
61868978,True
67020838,True
61803268,True
61816666,True
60008008,True
67020618,True
66021668,False
61849188,True
66092178,False
63075578,False
65075608,True
65007608,False
67006958,True
61831418,True
61826408,True
60815668,True
67028108,True
69884808,False
67066678,False
69828888,False
63085838,True
63088208,False
67052078,False
61841688,False
61848718,False
66075888,True
67020088,True
63092918,True
61825698,False
66025218,False
61804618,True
61804298,True
67018818,False
65020008,True
66052788,True
63029718,True
61850678,True
66087218,True
66096228,True
67809328,True
63091788,True
67006188,True
63088538,False
61896678,False
67057818,True
62082038,False
61879258,True
61849968,True
67055978,False
63022988,False
67020518,True
63022118,False
61888978,True
67051108,True
65000758,True
66069168,False
66018018,False
63077038,True
66022968,True
61840008,True
67026098,False
61803078,False
61873168,False
67020678,True
63072108,True
61879278,False
66078038,True
63067598,False
61824658,True
63020578,True
60010658,True
61802958,True
65018288,True
61829358,True
61891768,False
61805558,True
61829328,True
61881908,False
61847088,True
61881808,True
60002588,False
61858678,True
69828788,False
69828828,False
69828558,False
69828818,False
61807178,False
69828728,False
66099698,True
61865988,False
67055968,False
66061978,False
61804528,True
67066228,False
66070678,True
60818128,True
67065028,True
66080588,True
65025158,False
66021688,False
60817018,True
62890808,True
61802778,True
66080708,True
62846668,True
61824028,False
60802098,False
66069698,False
61803378,False
61847778,True
60812388,False
67020798,True
67061228,True
69843578,True
61877028,True
67077168,False
66076818,True
65018218,False
61881008,True
60811618,False
61825688,False
66029928,True
67022658,True
66066128,False
65027678,True
61884608,True
60826628,True
66081998,False
67010508,True
61854898,False
61806358,True
65027798,False
69822618,False
61804158,True
61843268,True
68840078,False
62095088,True
65019538,False
69843758,False
63092008,False
66098538,False
66098278,False
63025198,False
61871478,False
60089968,False
61822298,True
67006898,True
62021168,False
67011058,True
60018138,True
67001088,True
67021758,True
61860498,True
66097058,True
67844488,True
61848988,True
67008538,False
66055988,True
66061508,True
61802828,False
69813468,False
61853978,True
66087908,False
66077298,True
65059508,False
66061238,False
61887958,True
66061568,False
66071528,True
69828478,True
67022868,True
67025158,True
66097668,True
69889258,True
69889908,True
66097908,False
67017008,True
60815158,True
61848478,True
62089968,True
61833578,True
67076688,True
66026808,True
61803588,True
65088918,True
67012008,False
65018998,True
60829258,False
63068228,False
67015528,True
62887428,False
66097188,True
63000158,False
68841408,True
67068518,True
63012908,False
60821468,False
67007008,True
60809918,True
67069768,True
61824318,False
65018668,False
67021858,True
66082558,True
66092518,True
63086778,False
65022668,True
66029088,False
66085198,False
67010198,True
61804288,True
61879488,True
61843298,True
67009518,True
63088788,True
61806918,True
69886328,True
61805198,True
66072258,True
61896268,False
66089288,True
61805268,True
63091678,False
61805358,True
61875968,True
66080208,True
61857078,True
65018138,True
61805808,True
69888788,True
61805378,True
67022298,False
65019268,True
66079188,True
67025058,True
61831868,False
61891178,False
61805978,True
69820028,False
67025528,True
67809308,False
66020818,True
67019628,True
61867398,False
61806388,True
69853618,False
66068818,False
69869008,False
67028908,False
62052178,False
69841578,False
62026088,True
67069178,True
61827208,True
61821318,True
63008558,False
69876458,False
63021278,True
61828588,True
61850328,False
61804998,True
65006158,True
69890808,False
67001118,False
63071168,True
60820688,False
66090558,False
62092688,False
66020238,True
61805528,True
66020088,True
66079568,True
67057688,True
60008888,False
66079288,False
61858088,True
67011708,True
66085788,False
62096278,False
63007728,True
62080208,False
69849208,False
62088598,True
60817358,True
61887378,True
62088238,False
67855798,True
60820358,True
66097708,False
61821098,False
61824308,True
65021198,False
60819178,True
67017528,True
67069918,True
65008678,True
67021008,True
61880868,True
61846058,True
65022828,True
67000928,True
66010078,True
66052908,False
62080928,True
67855718,True
63090118,True
65011028,True
62071698,True
61856828,True
62089668,True
67001698,True
67067228,True
61820118,False
66082198,True
67050518,True
67018508,True
69848688,False
69818608,False
61821728,True
61822358,False
61827558,True
61822308,False
67065288,True
66077238,True
61827758,True
67010758,True
62080898,False
69832828,False
63071138,True
67005578,True
60829408,True
66066778,False
66026608,False
60002868,False
66070668,False
65052508,False
67027878,True
60828858,True
63091568,True
61831428,False
60012728,True
61843918,False
67065178,True
63060958,True
60807578,False
60827978,False
66097928,True
67050018,True
66078818,False
69830918,False
67060838,False
66072878,True
61806508,True
66091298,False
66076798,True
67057288,True
69815268,False
67079278,False
67855728,False
67028588,True
69890928,False
66025228,False
63060898,False
67006518,True
69816458,False
61824968,False
65027278,True
60829528,False
60829308,False
67055758,False
61812578,True
61849388,True
66066218,True
61825218,False
61804898,True
66079528,True
66060788,False
63071178,False
63059158,True
67002098,False
60816818,False
62096038,False
61888218,False
61890318,False
60829568,False
66099058,True
66096168,True
66052228,False
63065618,False
61860308,False
61860328,False
61866618,False
60826708,False
62096088,False
69837908,False
61804428,True
69847898,False
65022618,False
67000188,True
69825688,True
69873278,True
63070618,False
65021578,False
61836018,False
61882298,False
61834128,True
62097638,True
66097788,True
67065668,True
67052238,True
66098828,True
62099088,True
69825718,True
67001578,False
63070178,True
60814818,True
61840328,False
69848758,True
61848978,False
67002568,True
69812668,True
61867758,False
61867888,False
61883898,True
61844668,True
67015708,True
61804968,True
66071258,True
60089218,True
61881688,True
63018858,False
62086878,False
66080978,False
61807328,False
69846068,False
61856488,False
69853488,False
66091128,True
67029938,True
61859578,False
62077008,False
67002108,True
61874688,False
66025578,True
63055038,False
67001688,True
63076868,True
69896758,True
61848688,False
63018598,True
69871928,True
61804758,True
61803298,True
61805888,True
67005098,True
63019588,False
65007908,True
60007038,True
60827108,False
66072728,False
67011298,True
66095528,False
67020108,False
69871608,True
66022938,False
67052598,True
62079258,False
67060908,True
69842758,True
65026028,True
66097578,True
67018208,True
61895878,True
66069018,True
61822428,True
60817258,False
66077568,True
63027678,True
65026018,True
63021688,True
63001958,True
67009688,True
63027098,True
69873168,False
63072668,True
60820698,True
67056168,False
60829658,True
69858358,True
69897588,False
63095698,False
65008228,True
66069598,True
67015858,True
60010088,True
63082588,True
62095928,True
66051038,True
61850788,True
60851968,False
69851528,True
61881778,True
61889178,True
66052168,False
69815118,True
67009908,True
66028568,True
65000108,True
69836578,False
66087508,True
67006928,True
65060818,True
60830098,False
66068688,False
67060578,True
67055598,False
62079598,False
67016668,False
67065038,False
66077228,False
66076058,False
67020598,False
66085188,False
62097978,False
69827968,False
62091558,True
69869898,True
66022128,True
67021618,False
62067128,False
62085508,False
60000198,True
67007898,True
66020078,True
67020578,True
61860798,True
67012838,True
66098778,True
61826068,False
69862888,False
61849178,False
62071868,False
67068188,True
66881878,False
67059128,True
60806758,False
65019758,True
61812028,True
67008278,True
66080788,False
67056568,True
67008888,False
62085588,False
66098958,False
66051668,False
69885418,True
67059608,True
67058558,True
67027698,True
67002638,False
61825088,False
61877968,True
61861878,True
61851328,True
69889408,False
61842828,False
66097018,True
69802588,False
67008068,False
63071738,True
67058888,True
65015618,True
61891208,True
66051658,False
66050778,True
67029898,True
67058898,True
61825858,True
65059908,True
69844798,False
67058838,True
66095958,True
69879508,False
62090878,True
61846088,False
63069278,False
60006568,True
69844108,False
60825288,False
60825298,False
68844788,False
65018578,False
63065608,False
68680209,False
60016768,False
61891298,False
60811318,False
67028178,False
67000778,False
61880668,False
60801688,False
66075908,False
63057288,False
67010138,False
61826718,False
67012958,False
63050618,False
60016678,False
67029878,False
66070078,False
61803418,True
62840178,False
65026728,False
67009888,True
62095718,True
67000058,True
61872558,False
61829368,False
60813178,False
66077078,False
60800108,True
19860923,True
67068738,False
62096078,False
60818258,True
61850178,False
61834458,False
69838318,False
61832498,False
67019528,True
61846968,False
61895488,False
66098808,True
61826658,True
63065838,False
61832308,False
61805388,True
67000218,True
61840058,True
69842198,True
67028198,False
67051068,True
65019718,True
62096118,True
60820418,False
67025198,False
67027758,False
63015168,True
67020588,True
61852928,True
67021868,False
61861868,False
61842518,False
61834678,True
67010978,True
66072758,False
66069038,True
66075058,True
67010178,True
61820828,True
66029938,False
67065828,False
62069618,False
62069638,False
62061698,False
62061718,False
62070078,False
62075258,False
62069668,False
69809968,False
66072268,False
62075598,False
69887158,False
67008788,False
67028158,False
63091618,False
67029808,False
67050718,False
67050078,False
68840728,False
61854318,False
67028028,False
67028238,False
65019988,True
67066528,False
61896478,False
67028298,False
67856698,False
63079178,False
67021638,False
69861468,False
61851778,False
69880858,False
61802578,False
65021138,False
69854228,False
61853898,True
61890008,True
66077508,True
69809768,True
63075198,True
63077858,False
61806518,False
63098218,True
61804678,True
63088078,False
62077238,True
67067118,True
66025188,True
62099718,False
66019818,False
61824358,True
61804308,True
67057578,True
60828898,False
61834078,True
61848858,True
61852628,False
69886998,False
65017688,True
33946889,False
62081878,True
63027038,False
60015118,True
61840778,True
67011798,True
67810588,False
63072988,True
67021718,True
62082068,False
63008888,True
61807708,True
66072658,False
60016808,True
66071578,True
61871808,True
66098898,True
65058128,True
60005098,False
67057788,False
66096928,True
67816798,True
67025758,False
69881018,True
66028798,True
69861668,True
61874908,True
65016998,False
65022958,True
67008658,True
66099118,False
61862128,False
62086778,False
67056508,False
67029558,True
67026668,False
62080098,True
67008008,False
63069978,False
67056798,True
65028988,True
67001558,True
69839678,False
66055208,False
65008808,True
67056598,True
67022758,True
61864688,False
66069538,False
65075998,False
61813358,False
61813558,False
67067508,True
67008518,True
67000128,True
67025918,True
89318150,True
61868718,True
67052108,True
60818568,True
69896528,True
63089068,True
69870888,False
67021808,True
67022768,True
66066768,True
69838518,True
67029788,True
65018128,True
65082578,True
63079808,False
67029918,True
63067028,True
63009528,True
65009978,False
63090988,True
67009968,True
66076698,True
62091228,False
69893333,True
66066968,True
66025838,True
67009828,True
61827368,False
65012298,True
63078208,True
60018908,True
63018928,False
66019558,False
61835718,False
66061288,True
67015578,True
69852028,True
67051738,True
66050838,True
60008078,False
67022288,True
66087728,False
67057868,False
61822468,False
63096918,False
61823468,False
66090638,False
61847008,False
66019918,True
65006928,False
61805598,True
65009138,False
60820678,False
60820108,True
66090708,False
67025658,False
61835288,True
61878468,True
67001208,False
67011108,False
66091228,True
61870068,False
62087938,True
66078518,False
65020778,False
61854188,False
69832298,True
61888798,False
67065508,True
61877228,True
68831678,True
66022028,False
67012078,True
61820188,False
61823018,False
60818068,False
62075528,True
69869998,True
61811000,True
60814998,True
69897988,True
62096868,False
63067518,False
67029618,False
60802128,False
61849278,False
66017888,False
63066788,False
61895208,True
67025988,False
69852608,False
62097068,False
62091178,True
63086588,True
67062838,True
61857328,False
69847188,True
65022888,True
61857178,False
61828858,True
65050078,False
65025818,False
66079618,False
63061558,True
67018758,True
69851428,True
68841288,True
69869408,False
65022868,True
66097118,True
66062638,False
69853288,False
63056258,False
65025228,True
61851188,True
67005238,True
67028058,False
66020698,False
60828508,True
66092778,True
62089528,False
67077118,True
67002588,False
63086738,True
63078788,False
67052678,True
67001238,False
67005718,False
60820278,False
67005728,False
62089818,True
61822618,True
66096128,True
66070028,True
69864818,True
65022158,False
61833408,True
66089058,True
61855688,False
69864398,True
67067688,True
65019138,False
67002118,False
67000178,True
61820888,False
67026208,False
67060678,True
66072978,False
67025898,True
61849588,True
60801558,False
60818398,False
66029768,False
69875468,True
61832778,False
67009588,False
67007868,True
63086818,True
61849688,False
60008918,False
61873198,False
66029028,False
66026258,False
66099898,False
69859918,False
66089738,False
65011078,False
63077698,False
67060888,True
67050878,False
68841058,False
66085018,True
65029818,True
67062758,True
67810658,False
67025638,True
66020638,False
68844168,True
67020868,True
65009938,True
69842398,False
69855818,False
66050228,True
61825208,True
67016588,True
63099278,True
61871798,True
65016128,False
69886708,False
62075028,False
67012118,True
66061878,False
66050038,False
60085268,False
67810458,True
67006668,True
61866918,True
61891488,False
61890928,True
67012028,True
61828508,True
60820118,True
67071558,True
66075688,False
66027008,False
65089218,False
65057228,True
67012568,True
67001798,False
61802908,True
63089578,True
62070628,True
61829078,False
63067508,False
61835728,False
62001008,False
65026208,False
61864328,False
61827028,False
69810568,False
61875288,False
67017058,False
67017668,False
66067218,False
66075038,False
62076638,False
66075218,False
65025868,False
67000738,False
66099768,True
61804598,True
67051618,True
61824398,False
66072078,True
69892228,False
61829028,True
61849918,True
67000958,False
66097588,True
66066298,False
66052998,True
61821128,False
67020078,True
69852688,False
60812668,False
65060528,True
66066888,True
67022958,True
66076838,False
61894758,False
61851298,False
61868788,False
65002268,False
65020018,False
61854688,False
61829668,True
61855288,False
67007608,True
61804228,True
61850158,True
67021688,True
61874428,False
66095118,True
69850478,False
67010028,False
66098788,True
61802788,True
63087678,False
61831768,False
60829208,True
63060138,True
67000618,True
65011818,False
62088788,True
60812128,True
61879628,False
61832758,False
66051288,True
60830328,True
61860368,False
61826218,False
66068828,False
69839168,False
61869058,False
61831778,True
69872168,False
63025038,False
61831328,True
61824818,False
67015628,True
67000818,True
63009638,False
63001288,True
61827858,False
66081778,False
66028558,True
65018228,False
61880198,False
65055538,False
60818708,False
62068878,False
65010088,False
63096538,False
18669555,False
60845788,False
61832568,False
62888188,False
60848968,False
66892398,False
62055098,False
67028538,False
62099898,False
63069108,False
66085208,False
63022698,False
61859198,False
67026108,False
66090828,False
66091288,True
63008078,True
66077988,True
67029288,True
67025878,False
63079688,False
61841988,True
69896178,False
61840688,False
63025288,True
61824858,True
63081278,True
61807668,True
69890528,True
61854378,False
61805428,True
60818368,True
67022668,True
67059268,True
66082858,False
67061678,False
67000288,False
66085078,False
62080658,False
65017798,False
65015088,False
63077058,False
61891058,False
69802568,False
69861888,False
67016658,False
67000538,True
65009128,False
66025798,False
60806488,False
67815518,False
61822328,False
61841488,False
60828418,False
62092888,False
66097888,True
60852078,True
61847288,False
67067288,False
65889998,False
66061228,False
69841658,False
63078868,False
61874558,False
67026008,False
62008178,False
69859658,False
67026988,True
61891018,True
62088068,True
61872468,True
67015778,True
67026158,True
61855578,True
61823568,True
66008638,False
66029298,True
62089878,True
60824208,True
61827658,True
61840798,False
61828698,False
61862598,True
61855718,True
61824198,True
69886568,True
69869218,False
61807798,False
61807688,False
61807558,False
61807598,False
61810988,False
61807908,False
61829598,False
69888078,False
61882108,False
60805988,False
61857098,False
61854228,False
61866688,True
63002588,False
66029118,False
68843798,False
61800858,False
60801478,False
60808508,True
61887988,True
67017998,True
67065078,True
61852108,True
66050258,True
66069678,True
65018918,True
66026538,True
61830918,True
61853058,True
69851118,False
67056658,True
60805878,False
63090968,True
60009168,False
61830688,True
61830618,True
60822658,True
67028728,True
65027178,False
60829918,True
60827928,True
61846618,True
61830598,True
61848398,False
60827958,True
62015878,True
61859158,False
69824798,True
66061818,False
60822728,False
61833728,False
66052218,True
66069728,True
60815008,False
61804498,False
61806998,False
60817198,False
61807318,False
61807488,False
66090568,False
65011738,False
63025208,False
65016928,False
66071268,False
63000898,False
65052768,False
63081998,False
66081108,False
66052718,False
61805828,False
66077098,False
65082738,False
60803878,False
67006208,False
63076738,True
61859558,False
65025018,False
67006628,True
67007968,True
63022928,False
67009198,False
62092978,False
61849858,False
66021628,False
66071518,True
60017528,False
62081028,False
69855618,False
61870858,True
61812188,False
61860688,True
60817978,False
61812088,False
63071608,False
61847398,False
62079998,False
62021628,False
61861808,False
69838258,False
66075978,True
61803008,False
66069768,False
67011608,True
60821178,False
61806228,False
61807608,False
61866078,True
67017538,True
61811088,False
61829888,False
62080008,False
60825528,False
69862488,True
60821328,False
60012218,True
67062708,True
63091698,False
65001678,True
67022598,True
63089268,True
63077828,True
61860258,True
67010018,True
66028768,True
60812618,True
61825008,True
60005558,False
62069768,False
60810078,False
63090758,True
67022828,True
67018858,True
67021608,True
61373066,False
65056198,False
67001658,False
65026808,False
66070198,False
65025208,False
61832418,False
61850668,False
65025758,False
61825508,False
69895718,False
63019118,False
61825518,False
60830118,False
65077238,False
66018078,False
61829208,False
61827218,False
65072518,False
66029608,False
67007178,False
61821968,False
65075038,False
61890018,False
67055088,False
61858018,False
67059888,False
66061778,False
65012538,False
66070698,False
66061728,False
67017078,False
61889298,False
61822588,True
62089568,True
61879178,False
61827088,True
60008718,False
61857928,False
61883428,False
61830428,True
67000118,True
66019718,False
65088638,True
66079128,True
65008938,True
61889968,False
69814328,True
67029188,True
61842658,False
65055138,False
65058628,True
67810278,False
65002908,False
61813268,False
61876498,True
61892818,True
66085978,True
61852888,True
63021868,False
66051118,False
63067968,False
67026568,True
62071618,False
60812978,True
67056838,True
66078138,False
62092618,False
61883668,True
67015298,False
66081578,False
66070968,False
61899498,False
62086958,False
63067828,False
61812618,False
61827158,False
66078898,False
65017058,False
65009058,False
69885668,False
69815368,False
62087088,False
62055798,False
63072678,False
65028078,False
62081228,True
63057058,True
61828988,False
65010228,False
65060258,False
67017268,True
61825928,True
69835268,True
62088058,True
62052998,False
61897158,False
60016138,True
62080888,False
65018528,False
66029958,True
67006658,True
61823488,True
61807958,True
67018218,True
66098938,True
66068908,False
62095508,False
69834178,True
67012108,True
63066758,True
66062288,False
69825288,True
65021868,True
69824728,False
67055838,True
61832398,False
63099038,False
60010718,False
66092058,True
60800918,False
69890108,False
69884888,False
66020678,True
60016858,True
66082298,True
61846588,True
66068018,True
67002698,True
65009168,True
67027298,True
69860608,False
61852318,True
62076128,False
66075698,False
63067628,True
65026868,True
69874398,True
63001178,True
63080938,True
65021708,True
61824368,True
67028608,True
66018708,False
62099518,False
62099628,False
62097818,False
62098918,False
63071768,False
69891988,False
66051958,False
61885118,True
63009628,False
63089858,True
60002738,True
67057798,True
67817988,False
66020658,False
66081528,True
67007198,True
69801028,False
63081578,False
61827128,True
61826988,True
61881898,True
61845178,False
61827108,True
61869108,True
61830488,True
61822768,True
63080638,True
61872828,False
61857878,True
69820808,False
60821458,False
63021658,True
60010518,True
65025858,False
61825998,False
66069868,False
69860618,False
67012898,True
62082808,True
67002678,True
69869688,True
67017068,False
61828598,False
61855468,True
66079778,True
60821958,True
63091508,True
61829198,False
61810618,False
61860298,True
61812478,False
61849028,True
65021068,False
69895618,False
69851718,True
69857778,False
66088578,True
66092508,False
61860188,False
61825078,False
66894008,False
69834528,False
60000888,False
61884368,False
66062098,False
61861388,True
65010208,True
61841868,True
60814858,False
69823068,False
69845618,False
66077598,True
66091908,True
63062038,True
66096678,True
66080278,True
69821378,False
61825458,True
61824728,True
66077028,False
65027578,True
65026958,False
66017908,False
62099508,False
65009118,True
67055108,True
69857108,True
63060268,True
69852128,False
61884908,True
66077818,True
67008108,True
61868068,True
61841798,True
61844628,True
61841828,True
61813188,False
66095818,True
61845868,False
66029018,False
69810688,False
61854758,False
69849428,False
61893858,False
68842078,False
66062128,False
61864298,False
69884688,False
69850418,False
67020728,False
61842728,True
66069918,True
66022588,True
62088638,False
61891168,True
61842428,True
67006608,False
69842428,True
66098858,True
65022178,True
68842898,False
65020138,False
66072638,False
61856698,True
66028238,False
66079108,True
66081168,True
60821268,True
66052978,False
62082588,True
61859888,True
61891718,False
61882088,True
62090658,False
61842208,True
63002558,True
62099018,True
66088098,False
65060718,False
61846688,True
60815388,True
69848828,True
61860398,True
61822628,True
65021898,True
63081818,True
61852688,True
65010178,False
67016078,True
66078258,True
62082598,True
69836668,False
61820858,True
61821028,True
67007058,False
66081658,True
61854198,False
67025098,True
69814378,False
69826618,False
61852588,False
69868398,False
63092858,False
66020968,False
61832928,False
62076558,False
62087638,False
69829188,False
60087508,True
68842028,True
69823598,True
60817818,True
60820408,True
61867068,True
63069638,True
61870798,True
65007108,False
61870668,True
61803878,True
67018778,True
66072718,True
65052728,False
66075118,True
62097778,False
69810108,False
69810398,True
66018818,False
61828298,False
69873618,True
62082968,True
66025008,False
60018018,False
63089168,False
65009838,False
61855508,False
60818918,False
61857918,False
69825698,False
62079528,True
66099018,True
68839918,False
63082738,False
61808878,False
66068038,True
61808898,False
61832108,False
66076088,True
63000268,True
67002918,True
61846958,False
63020998,True
61876268,True
61807498,True
63016188,True
65060738,True
66069288,True
66072588,True
62016668,False
67012238,True
60001808,True
60018798,True
61840228,True
61884088,True
67010658,True
66061888,True
66025558,False
62096738,False
69814678,True
69814368,False
69836208,False
61833278,True
69868458,True
63010038,False
62081598,False
69878868,True
62071758,False
69827318,True
61888988,False
69827288,False
60814198,False
66080828,True
61832728,True
61825808,True
61833388,False
60830568,False
61829708,True
61853558,False
65089728,True
68844958,True
61830758,True
69898788,False
69827218,True
65029018,True
69824958,False
65055158,False
60827418,False
63025018,True
60826458,True
60810398,True
62096698,True
69870718,True
66097108,True
66098598,True
67018618,True
62096028,True
60005158,True
66097298,False
61824908,True
63079838,True
69887798,False
68843498,True
67005758,True
67017028,True
62072868,True
69810898,False
61825968,True
66018238,True
60818758,True
61805328,False
66051768,False
63087188,True
69863388,False
66051258,False
62085868,True
67018598,True
61851128,True
63018938,False
66068518,False
63000638,False
61853858,False
67012998,True
61831808,True
63015078,True
61843968,False
66019638,True
61831568,False
65057258,False
61881878,False
61802688,False
69867798,True
60821928,True
67025278,True
69831178,True
66066558,False
60824118,True
60819958,True
67007978,True
66095658,True
60819568,True
61846568,False
66077978,False
67016228,True
61847678,True
63085058,False
63071228,False
62087768,False
69862868,False
67005278,False
60801108,False
69895898,False
60010288,False
63092738,False
66028678,False
69878718,False
65000628,False
61865108,False
62088708,False
65055018,True
67015998,True
62089138,True
63007888,True
61840208,True
62077728,True
63079928,True
61876418,False
69853518,False
66075818,False
65022968,True
61832918,True
63000088,False
67012668,True
69829558,False
65022938,False
61803058,True
61831658,True
62099528,False
61899398,False
61855878,False
65005098,False
60821198,False
65010928,False
68831328,False
63088578,False
66072988,False
11886666,False
61893058,False
69810578,True
60800958,False
60816098,False
65058728,True
61851798,True
61889728,True
61852568,True
67006228,False
65010828,True
66072958,False
61825618,False
61820558,False
66085038,False
69828528,False
61833528,True
62077288,False
69851608,False
61895608,False
36393828,True
60018568,True
62021108,True
63062808,True
63079968,False
66099758,True
67011858,True
63086618,False
61826678,True
69828858,False
66020128,False
66096858,False
66068158,False
69828458,False
69836968,False
65002708,False
69813598,False
61880468,False
60822818,True
66019708,True
61836468,True
63019518,False
61820368,True
69878898,True
68843398,True
65016858,True
66892788,True
61886298,False
66066628,False
62095988,True
69833308,True
66050638,False
65010188,False
66022288,True
61849058,True
61875978,False
61874568,False
61857388,True
61805518,False
61831228,True
60805788,True
66066138,False
63052838,False
61810978,True
61801758,False
67000708,True
61836428,True
63017078,False
65026928,False
61847498,False
69872998,True
66082978,True
61853258,False
65021278,False
61841818,True
67005678,True
66050528,True
60830498,True
61852068,True
61853288,False
60823128,False
62087028,True
61804098,True
61805078,True
61853268,False
61804858,True
67002688,True
61845988,True
69810718,True
60000838,False
66091958,True
61857218,True
61860988,True
61843098,True
62070518,True
61857018,True
66078788,True
60826728,False
66080168,False
69853688,False
62880868,False
65027098,False
61805408,True
61879618,True
69833218,False
61840998,False
60821588,False
60006538,True
61829278,False
69845988,True
62096628,True
65010798,True
63026018,True
65029758,True
60816178,True
61847768,True
61888088,True
61836458,True
60820068,False
66095768,False
60823168,True
67001968,True
67000608,True
62006288,True
61860068,True
66076988,False
66080258,False
69836908,False
61846898,False
61828308,False
67011178,True
61859588,True
69895728,True
62092828,True
66027168,True
66026598,True
61858278,True
62082778,True
65052638,True
60801508,False
65011578,True
61888878,True
61884308,True
61850608,True
61852408,True
61888278,False
67854928,False
67001128,True
65027298,True
69842208,True
65026898,True
60801488,True
63066598,False
62076918,True
66008688,True
66029008,False
66050278,True
61849378,True
60817868,True
62099568,False
61856228,True
66087298,False
60827488,False
63018958,True
69877818,True
65011128,False
66026558,False
61823528,True
60005018,True
63099538,False
61859408,True
60818388,True
65026068,False
66070298,True
62085918,True
61820108,True
69878118,True
66029288,True
61825588,True
61878298,True
62055708,False
60001678,False
63096168,True
61826588,True
61852098,True
62051238,False
63062868,False
66017208,True
66069278,False
69837288,False
63077138,False
62077198,False
63001018,False
69866508,False
63086298,False
61878508,True
61844618,True
61828178,True
62080528,True
65029898,True
61835378,True
61840028,True
60815228,True
61825868,False
69895628,True
66060728,True
65018638,False
63077178,True
69850428,True
67008858,True
65029268,True
61849518,True
65017288,False
65082258,False
69896658,False
66021788,False
65058968,False
65075728,False
66091108,False
66075228,False
65011508,False
62021138,True
60813408,True
62097688,False
63098198,False
62067508,False
61802878,True
61858718,True
69885298,True
61828108,True
61830558,True
63089518,True
60815078,True
69885328,True
61873468,True
61821368,False
62088818,False
60005078,False
61859808,True
69873628,False
67006218,True
63095268,False
60824968,False
66080668,True
61871668,True
61876818,True
66018778,True
65028108,True
63075598,True
63055098,True
66067668,True
63057808,False
66097078,True
66021278,True
61848698,True
63015618,True
63065598,True
65012138,False
66068178,False
62092658,False
63082608,False
65057298,True
62072578,True
67000228,True
61840198,True
66097038,True
61805768,True
69895688,True
66076118,True
65009998,False
66017638,False
61879268,True
65026008,True
66058078,True
61858358,True
63069938,True
61895368,True
66021178,True
60807718,True
66082628,False
62087038,False
60010538,False
67809158,True
65058018,False
61849118,False
61889758,True
69856158,True
62092798,False
69873808,False
66026688,True
67810758,True
62081668,True
65059268,False
69898728,False
66009588,False
69872778,True
61840808,True
61858008,False
66079918,True
65028058,False
65018168,True
66028828,True
63092688,True
61896298,True
66077768,False
65009958,True
62011088,True
65016228,True
60819778,False
66079258,False
65005088,False
63096568,False
61833978,True
60012968,False
69836808,False
69809398,True
60002758,True
61870618,True
60803618,False
77661168,False
61831398,True
67821988,False
69893178,True
63079818,True
63090258,True
62050038,True
61812928,True
65025718,False
63085788,False
66099938,True
66070518,False
61822128,True
61812528,True
61821528,True
61804368,True
60018028,False
60824628,False
63060688,True
67810418,False
66080188,False
60815888,False
66072528,False
63012718,False
67813718,False
60828328,False
60026008,False
62087058,False
61806718,True
61807728,True
61875998,False
61874978,True
69871518,False
61803488,True
61804508,True
61806678,True
60000928,False
63061138,True
60000138,True
66018868,False
69814428,False
63060108,True
61892358,True
69891618,False
61847118,True
61853108,True
61806398,True
68844418,True
66894418,False
65089028,True
69824058,True
65055058,False
61835678,False
20100069,True
65001898,True
67845058,False
60804768,True
69873778,False
63065068,True
61844578,True
67812598,True
62098008,False
61831968,True
61806498,True
60801888,True
68840788,True
65026918,True
62071588,False
61833878,True
61821718,False
61886218,True
69889918,False
69889868,False
66091178,False
65010698,True
66069978,True
62091678,True
65027208,True
62088038,True
61877368,False
61877428,False
61877018,False
63090228,False
65026198,False
65027698,False
61825298,False
65009258,True
63059058,False
61813168,True
60828498,True
61812508,True
66082718,False
60826908,True
60815458,True
63068608,False
60803378,False
60806618,False
69868998,False
65011808,False
65089578,False
66080228,False
61830328,False
61812568,True
61877178,True
61877378,True
69879088,True
61876908,True
61877328,True
61894628,True
60818318,True
61877168,True
61877388,True
69824658,True
66020008,True
61861168,True
62097568,True
62051538,False
61867618,True
61857818,True
61812158,True
66061708,True
60000058,True
61867988,True
62086818,True
61834968,True
65056168,True
63087828,True
60818828,False
63066718,True
69883188,False
69811528,True
61834978,True
61836168,True
61801528,False
61801918,False
61801868,False
60821608,False
65011608,True
61803218,True
65019128,True
61803978,True
61851028,False
60000658,True
61849308,False
63089038,False
65027138,False
61832688,True
63019008,True
60007728,True
61823378,False
63066008,True
62092118,True
60824158,False
61842578,True
61826568,True
61851408,True
60000558,False
61889908,True
63076718,True
62098858,False
69825908,True
65026828,True
61835198,True
65011988,True
62095758,True
60820818,False
61849578,True
61858968,True
60815318,True
61873908,True
61840568,True
69847108,False
61843358,True
60814798,False
63076978,True
61870468,True
69865688,True
69828188,True
60822668,False
63029778,False
65025298,True
61826668,False
68840868,True
61874058,True
61850188,True
66082288,True
69898568,False
61872678,True
60005578,True
63019178,False
68842798,False
61863718,False
69869428,True
66009608,True
61851358,True
63092808,True
63097708,True
61843328,True
61850258,True
60821368,True
61876328,True
62099798,True
66068168,True
60801858,True
65026288,False
61827288,True
66082038,True
53159995,True
69814028,True
61884478,True
61835818,True
63018698,True
61857758,True
63066638,True
67812458,False
67819208,True
61887128,True
61877288,False
61822788,True
61877318,False
61834908,False
66067138,True
61841498,True
61835928,True
66069228,True
61827308,True
65021908,False
68843718,True
66058018,True
61851398,True
61806658,True
63096838,True
69898218,False
67810468,True
61832698,True
65018988,False
61828828,False
61823388,True
61866768,True
61896008,True
60807958,True
61884528,True
63082758,True
69846888,False
67854528,True
62055638,True
62890928,True
69890258,True
61841168,True
62080218,True
66021728,True
65015898,False
63000568,True
69883618,True
66020158,True
69833718,True
63018918,True
65055088,True
63072568,True
69863208,True
62846388,False
61842278,True
65055118,True
62096218,True
61858068,True
60818098,True
61862088,True
61821998,True
62092068,False
61836588,True
61856368,True
62089168,False
61850098,True
65012988,True
63060078,True
60818588,True
66893288,True
69829008,True
68843058,True
66072808,False
65011268,True
69896058,True
69809458,True
69891678,True
69897138,True
65001138,True
61891888,True
61844868,True
69826368,False
61835108,True
63081208,True
61846608,True
60815918,True
69866698,True
61897398,True
63000598,True
63019198,True
66026178,True
66050018,True
61843718,True
62075718,True
65019978,True
66071678,True
63082508,True
61807998,True
61808178,True
63092198,True
66066568,False
68844598,True
61850578,True
61823798,True
69827228,False
66051918,True
66019728,True
61840578,True
65076168,False
61871728,True
66066928,True
63056538,True
83858385,True
61833478,True
60822718,True
60814708,True
65008788,True
61832528,True
60824958,True
69814278,True
63068658,True
60000118,True
69886618,True
61857088,False
67812678,True
61876578,True
61882168,True
61807158,True
68841098,True
66050028,True
61841278,True
61800658,False
63067768,False
61858118,False
61847358,True
60843308,True
62087708,True
62087618,True
62070638,False
65026188,True
69864278,True
65086738,True
28808057,True
63085528,True
60819068,True
65020718,True
69895978,True
61857008,True
61848098,True
61841428,True
62067008,True
61821978,True
61875378,True
61859318,False
61833568,True
66068198,True
60817058,True
66050688,True
69868888,True
62077278,True
61826958,True
61860658,True
61815618,True
61831218,True
61846518,True
61887068,True
61854508,False
61848708,False
65080158,True
61898278,True
61847798,False
61845218,False
63072798,True
61835688,True
66021908,True
66066158,True
61848788,False
67810288,True
66065188,True
61851728,True
61849698,True
61851478,True
61804718,False
61844318,False
61872418,True
61899778,True
63087568,True
61846658,True
65011178,True
65085098,True
62070558,True
62072698,True
65011978,False
61821488,True
69859828,True
63067958,True
63080568,True
62097998,False
61820098,True
63085088,True
61842398,True
62026008,False
69875598,True
69898558,False
61879098,False
61842288,True
69841958,True
65009008,True
60818908,True
62025038,False
61845608,True
69868808,True
63060878,True
66050608,True
62092578,False
65076728,False
63090738,True
69814568,True
63015028,True
62086898,True
66069068,True
69890968,True
66029628,True
63011038,False
63069768,True
62098038,True
62099588,True
61820078,True
63008978,True
61811918,True
68844978,True
61852418,True
60801298,True
61810998,True
68848298,True
62092538,True
66070558,True
63078728,True
63090838,True
69889458,True
65010168,True
69891858,True
69830218,False
66051088,True
66022188,True
63000258,True
60830358,False
60808398,True
62087218,True
66070978,True
69849918,True
61827668,True
69852178,True
61840818,True
69837818,False
69856008,False
66020928,True
63099568,True
63066168,True
63058208,True
61820298,True
61820978,True
60005618,False
60803578,True
60824908,True
61824258,True
65057278,True
65010638,False
60008228,True
65012858,True
69890028,True
69890058,False
61898088,True
65002558,True
61862508,True
61847208,True
66021578,True
62082758,True
68842868,True
66021118,True
65001268,True
69824098,True
69890608,False
69864858,True
61821808,True
61822318,True
61822368,True
61821898,True
62072808,False
67810088,False
62089068,True
61840588,True
61833758,True
61843488,True
61844508,True
67845758,True
61832058,True
60012188,True
63022028,True
66027258,True
60821628,False
61857808,True
63086788,True
61840078,True
69827758,True
65085628,True
63020908,True
61849768,True
60818858,True
61829978,True
61844098,True
60816758,True
61834798,True
61801878,True
69872708,True
65026518,False
62015068,True
63072708,False
61831158,True
63081928,True
69814928,True
69855308,False
69888468,False
66062618,True
61848308,True
61836558,True
61835028,True
69873768,True
66009758,True
61823588,True
69883628,True
61844778,True
61841698,True
61843508,True
68848288,True
61841398,True
61822858,True
61880568,True
61827678,True
65008578,True
61862218,True
61896108,True
63078178,True
61842198,True
61820018,True
61848528,True
61881278,True
61894688,True
60813658,True
61846978,True
63000668,False
69830528,True
61835018,True
62089708,True
61850508,True
61898168,True
61851588,True
61878108,True
61842528,True
61887008,True
61898508,True
65022598,True
60803068,True
61825318,False
69896828,True
62095198,True
65026158,True
61841418,True
61880308,True
69896718,True
65017268,True
61820588,False
61842908,True
60823698,False
10881088,True
60824988,False
65026298,True
19880312,True
69836318,True
63087688,True
69829628,False
61820508,True
61875118,False
61820868,True
60807428,True
63092158,True
61820498,True
65082658,True
61879568,False
61876888,True
61868288,True
69876818,False
61827468,True
61869378,True
65022758,True
61843518,True
61843898,True
67856728,True
69897088,True
60005118,True
63099878,True
61811968,False
69890518,True
69826628,True
61853718,False
61890798,True
65015158,True
61890118,True
67843018,True
63087778,True
63021788,True
61827928,True
61831578,True
63012838,True
61825708,True
61813788,True
62085678,True
61850358,True
63017728,True
61845958,True
60800628,True
65028668,True
61897718,True
61828718,True
61820468,True
60822918,True
61852358,False
69871108,True
62089288,True
62086638,True
61827588,True
61805188,True
61847328,True
61860768,True
60819718,True
60814688,True
62055138,True
61852378,True
69850408,True
69885678,True
